#
# TABLE STRUCTURE FOR: media
#

DROP TABLE IF EXISTS `media`;

CREATE TABLE `media` (
  `id` bigint(20) unsigned NOT NULL AUTO_INCREMENT,
  `media_type_id` bigint(20) unsigned DEFAULT NULL,
  `user_id` bigint(20) unsigned NOT NULL,
  `body` text COLLATE utf8mb4_unicode_ci DEFAULT NULL,
  `filename` varchar(255) COLLATE utf8mb4_unicode_ci DEFAULT NULL,
  `size` int(11) DEFAULT NULL,
  `metadata` longtext CHARACTER SET utf8mb4 COLLATE utf8mb4_bin DEFAULT NULL CHECK (json_valid(`metadata`)),
  `created_at` datetime DEFAULT current_timestamp(),
  `updated_at` datetime DEFAULT current_timestamp() ON UPDATE current_timestamp(),
  PRIMARY KEY (`id`),
  KEY `user_id` (`user_id`),
  KEY `media_type_id` (`media_type_id`),
  CONSTRAINT `media_ibfk_1` FOREIGN KEY (`user_id`) REFERENCES `users` (`id`) ON DELETE CASCADE ON UPDATE CASCADE,
  CONSTRAINT `media_ibfk_2` FOREIGN KEY (`media_type_id`) REFERENCES `media_types` (`id`) ON DELETE SET NULL ON UPDATE CASCADE
) ENGINE=InnoDB AUTO_INCREMENT=101 DEFAULT CHARSET=utf8mb4 COLLATE=utf8mb4_unicode_ci;

INSERT INTO `media` (`id`, `media_type_id`, `user_id`, `body`, `filename`, `size`, `metadata`, `created_at`, `updated_at`) VALUES ('1', '1', '1', 'Dignissimos ratione accusamus quaerat et et necessitatibus. Blanditiis dolor nobis voluptas nisi consequuntur consequuntur sint voluptatem. Quam reprehenderit labore cumque dignissimos non ex qui.', 'suscipit', 90, NULL, '2021-07-08 22:25:14', '1983-08-27 07:36:12');
INSERT INTO `media` (`id`, `media_type_id`, `user_id`, `body`, `filename`, `size`, `metadata`, `created_at`, `updated_at`) VALUES ('2', '2', '2', 'Neque quam occaecati et facilis. Sunt asperiores corporis corporis asperiores ut quas error reprehenderit. Molestias fugiat ut soluta et. Ad accusamus est a excepturi fugit voluptas.', 'reprehenderit', 1, NULL, '1990-05-16 20:37:11', '2013-07-10 16:56:04');
INSERT INTO `media` (`id`, `media_type_id`, `user_id`, `body`, `filename`, `size`, `metadata`, `created_at`, `updated_at`) VALUES ('3', '3', '3', 'Provident officiis voluptates labore asperiores quia. Architecto veniam distinctio earum eum enim ex dolor. Praesentium eveniet omnis fugiat qui molestiae. Magnam deserunt repellat est incidunt maiores. Nihil quasi enim quas laudantium in velit.', 'enim', 689, NULL, '1977-02-10 07:37:33', '2006-11-23 12:05:04');
INSERT INTO `media` (`id`, `media_type_id`, `user_id`, `body`, `filename`, `size`, `metadata`, `created_at`, `updated_at`) VALUES ('4', '4', '4', 'Quam deleniti quo consectetur quasi et odio blanditiis. Soluta incidunt laboriosam qui ea eum voluptates sed. In praesentium possimus sequi ut repudiandae. Beatae commodi et blanditiis iste quia.', 'in', 203, NULL, '1997-01-03 07:49:02', '2006-10-05 07:04:37');
INSERT INTO `media` (`id`, `media_type_id`, `user_id`, `body`, `filename`, `size`, `metadata`, `created_at`, `updated_at`) VALUES ('5', '5', '5', 'Id sequi labore neque incidunt quia. Voluptate quia et fugiat et sequi.', 'molestias', 0, NULL, '2011-11-16 14:44:47', '2001-10-04 01:10:58');
INSERT INTO `media` (`id`, `media_type_id`, `user_id`, `body`, `filename`, `size`, `metadata`, `created_at`, `updated_at`) VALUES ('6', '6', '6', 'Error provident culpa quis aperiam. Laboriosam et praesentium eligendi laboriosam quas itaque illo incidunt. Quis deleniti ut qui assumenda. Molestias odio possimus sunt.', 'aliquam', 9246296, NULL, '2006-12-17 11:10:45', '1978-07-05 11:44:04');
INSERT INTO `media` (`id`, `media_type_id`, `user_id`, `body`, `filename`, `size`, `metadata`, `created_at`, `updated_at`) VALUES ('7', '7', '7', 'Non labore ipsam harum laboriosam dolorum eaque quis dolor. Eaque maxime quia incidunt optio accusantium deserunt est. Omnis nisi enim dolore quia illum pariatur doloribus exercitationem. Aspernatur eum tempore iusto dolore voluptas delectus quia.', 'odit', 887265, NULL, '1993-04-29 03:49:48', '2004-01-12 01:15:10');
INSERT INTO `media` (`id`, `media_type_id`, `user_id`, `body`, `filename`, `size`, `metadata`, `created_at`, `updated_at`) VALUES ('8', '8', '8', 'Illum aut aut aspernatur nostrum. Numquam ipsa at unde. Nulla in voluptates ratione quam eum.', 'ipsa', 8, NULL, '2020-11-14 22:32:33', '1981-11-01 06:31:37');
INSERT INTO `media` (`id`, `media_type_id`, `user_id`, `body`, `filename`, `size`, `metadata`, `created_at`, `updated_at`) VALUES ('9', '9', '9', 'Voluptate voluptatem nihil et earum. Eum natus tenetur omnis qui amet ex qui. Beatae quae excepturi inventore perferendis cum. Voluptatem harum porro labore nihil. Eos eos adipisci ut reiciendis recusandae ut.', 'sapiente', 72768954, NULL, '2008-04-06 10:21:47', '1989-06-21 13:49:23');
INSERT INTO `media` (`id`, `media_type_id`, `user_id`, `body`, `filename`, `size`, `metadata`, `created_at`, `updated_at`) VALUES ('10', '10', '10', 'Est esse quia quam non maiores rem alias. Qui et sed illo neque. Sunt consequatur architecto qui eum eveniet. Voluptates iure qui velit hic ducimus.', 'aut', 631, NULL, '1971-11-17 15:17:10', '1985-09-05 05:47:43');
INSERT INTO `media` (`id`, `media_type_id`, `user_id`, `body`, `filename`, `size`, `metadata`, `created_at`, `updated_at`) VALUES ('11', '11', '11', 'Beatae eum est ad molestiae tempore. Ad officia in est. Molestiae ut voluptatem rerum aut. Neque quo omnis omnis.', 'tempora', 788, NULL, '1974-11-09 12:19:43', '2009-02-02 18:20:55');
INSERT INTO `media` (`id`, `media_type_id`, `user_id`, `body`, `filename`, `size`, `metadata`, `created_at`, `updated_at`) VALUES ('12', '12', '12', 'Incidunt illum enim asperiores error. Est animi perspiciatis ex sint optio. Id esse iusto optio magnam laudantium.', 'aut', 7964, NULL, '1988-04-30 16:15:18', '1978-06-12 00:40:01');
INSERT INTO `media` (`id`, `media_type_id`, `user_id`, `body`, `filename`, `size`, `metadata`, `created_at`, `updated_at`) VALUES ('13', '13', '13', 'Ratione et quam et aut rerum. Vel exercitationem ut est rerum nemo et rem. Qui ut velit expedita ut.', 'repellendus', 7635, NULL, '1978-04-02 04:49:51', '2000-06-13 07:59:09');
INSERT INTO `media` (`id`, `media_type_id`, `user_id`, `body`, `filename`, `size`, `metadata`, `created_at`, `updated_at`) VALUES ('14', '14', '14', 'Modi mollitia autem vel occaecati in et placeat. Optio sequi hic molestiae recusandae repellat id vel. Accusantium sunt minima sit amet provident totam. Ut consequatur omnis reiciendis veniam.', 'consequuntur', 193074, NULL, '2010-04-24 03:52:11', '2015-11-22 01:11:14');
INSERT INTO `media` (`id`, `media_type_id`, `user_id`, `body`, `filename`, `size`, `metadata`, `created_at`, `updated_at`) VALUES ('15', '15', '15', 'Ut rem at possimus officia voluptas illo consectetur. Assumenda dolore nulla dolorum aliquid voluptatum occaecati. Repudiandae repellendus et qui iure vel corporis. Molestias sed ipsam tenetur dolorum. In consequuntur aut libero corporis.', 'et', 77903326, NULL, '1979-07-07 17:56:58', '1999-02-08 09:31:16');
INSERT INTO `media` (`id`, `media_type_id`, `user_id`, `body`, `filename`, `size`, `metadata`, `created_at`, `updated_at`) VALUES ('16', '16', '16', 'Voluptatem qui quam in incidunt ea. Suscipit non qui nemo nihil. Dolor non voluptas qui eligendi sint commodi tempore.', 'veniam', 4700, NULL, '1995-11-15 03:05:50', '1982-09-13 17:40:59');
INSERT INTO `media` (`id`, `media_type_id`, `user_id`, `body`, `filename`, `size`, `metadata`, `created_at`, `updated_at`) VALUES ('17', '17', '17', 'Illum laudantium omnis nobis. Id velit dolores doloremque doloremque.', 'soluta', 23, NULL, '1978-11-02 06:51:00', '1975-10-30 21:27:15');
INSERT INTO `media` (`id`, `media_type_id`, `user_id`, `body`, `filename`, `size`, `metadata`, `created_at`, `updated_at`) VALUES ('18', '18', '18', 'Mollitia tempore vel harum quia officiis perspiciatis quaerat dolorem. Ut perferendis labore neque exercitationem et sint voluptatem. Quia officia et ducimus fuga omnis iusto. Est aliquam et ipsum consequatur tempora rem.', 'culpa', 1, NULL, '2022-03-17 16:53:21', '1984-08-19 02:42:31');
INSERT INTO `media` (`id`, `media_type_id`, `user_id`, `body`, `filename`, `size`, `metadata`, `created_at`, `updated_at`) VALUES ('19', '19', '19', 'Et quis ratione velit tempora quas labore odio. Nobis possimus natus et consectetur perferendis eligendi et. Asperiores et earum voluptatibus id.', 'sed', 6, NULL, '2012-01-18 05:50:04', '2008-12-03 16:55:22');
INSERT INTO `media` (`id`, `media_type_id`, `user_id`, `body`, `filename`, `size`, `metadata`, `created_at`, `updated_at`) VALUES ('20', '20', '20', 'Eos ipsa aliquam sit dolorem sit dolor eaque. Odio officiis sequi voluptatum eveniet qui. Quia sed molestiae ut qui autem earum fuga. Soluta sequi voluptas officia eligendi nisi voluptatum dicta.', 'officia', 1832787, NULL, '1985-07-09 21:45:11', '2018-12-18 12:19:13');
INSERT INTO `media` (`id`, `media_type_id`, `user_id`, `body`, `filename`, `size`, `metadata`, `created_at`, `updated_at`) VALUES ('21', '21', '21', 'Voluptates id fugiat qui non aperiam possimus vitae. Voluptatum dolores autem nobis quia sed. Harum iste eligendi voluptatum accusantium impedit.', 'inventore', 0, NULL, '2011-10-01 01:04:10', '1979-01-30 15:49:58');
INSERT INTO `media` (`id`, `media_type_id`, `user_id`, `body`, `filename`, `size`, `metadata`, `created_at`, `updated_at`) VALUES ('22', '22', '22', 'Dolores ad praesentium est nobis. Dolorem est sed magnam deleniti ad tempora. Et quis non repellendus libero. Necessitatibus est rerum repellat culpa quia eos tempore.', 'ut', 6666909, NULL, '1992-03-31 05:59:29', '2005-03-27 00:47:36');
INSERT INTO `media` (`id`, `media_type_id`, `user_id`, `body`, `filename`, `size`, `metadata`, `created_at`, `updated_at`) VALUES ('23', '23', '23', 'Sit fugit quaerat rerum iusto dignissimos consequuntur et. Rerum odit sed eveniet et quam facilis. Corrupti sunt quos occaecati sapiente officia deserunt quaerat provident.', 'officia', 35, NULL, '1972-08-14 21:49:29', '2015-03-31 10:12:11');
INSERT INTO `media` (`id`, `media_type_id`, `user_id`, `body`, `filename`, `size`, `metadata`, `created_at`, `updated_at`) VALUES ('24', '24', '24', 'Aut voluptatem reiciendis cum ut. Aut ad sint asperiores impedit sapiente. Dolores et qui dignissimos est. Ut placeat dolorem atque rerum soluta iure iste.', 'nulla', 3, NULL, '2011-08-22 13:54:14', '1986-10-13 08:25:05');
INSERT INTO `media` (`id`, `media_type_id`, `user_id`, `body`, `filename`, `size`, `metadata`, `created_at`, `updated_at`) VALUES ('25', '25', '25', 'Repellat qui delectus labore. In illum inventore non vel.', 'fugit', 0, NULL, '2006-07-23 08:37:12', '1987-09-16 11:10:31');
INSERT INTO `media` (`id`, `media_type_id`, `user_id`, `body`, `filename`, `size`, `metadata`, `created_at`, `updated_at`) VALUES ('26', '26', '26', 'Sapiente est eaque ut non voluptatem non. Laboriosam ut id beatae. Qui expedita saepe velit placeat.', 'necessitatibus', 74, NULL, '1992-10-12 07:49:57', '2003-04-07 10:06:56');
INSERT INTO `media` (`id`, `media_type_id`, `user_id`, `body`, `filename`, `size`, `metadata`, `created_at`, `updated_at`) VALUES ('27', '27', '27', 'Dolorem ipsum eaque molestiae non harum at ex. Qui illum aperiam suscipit qui.', 'in', 272900887, NULL, '1994-11-09 08:33:00', '2006-11-09 08:34:21');
INSERT INTO `media` (`id`, `media_type_id`, `user_id`, `body`, `filename`, `size`, `metadata`, `created_at`, `updated_at`) VALUES ('28', '28', '28', 'Enim non voluptatem earum molestias sint voluptas sapiente autem. Quisquam ea harum expedita cum reprehenderit est odit. Ducimus qui aut fuga et. Dicta qui voluptas delectus iure commodi.', 'sint', 825407, NULL, '2008-05-26 10:43:22', '1994-08-18 09:42:14');
INSERT INTO `media` (`id`, `media_type_id`, `user_id`, `body`, `filename`, `size`, `metadata`, `created_at`, `updated_at`) VALUES ('29', '29', '29', 'Quaerat recusandae aperiam sed tempore. Placeat eum consectetur dolorem aut nesciunt omnis amet. Est nemo dolores sit non. Ea facere molestiae vero similique esse qui. Qui non quas aut voluptas praesentium eius.', 'non', 481991327, NULL, '1988-10-12 21:19:45', '2013-01-06 00:31:00');
INSERT INTO `media` (`id`, `media_type_id`, `user_id`, `body`, `filename`, `size`, `metadata`, `created_at`, `updated_at`) VALUES ('30', '30', '30', 'Ducimus quos ducimus velit facilis ut. At commodi eos asperiores pariatur at excepturi. Id officiis rem distinctio natus sequi itaque velit. Fugiat non et quia sapiente.', 'minus', 2, NULL, '1988-11-17 05:35:36', '2022-04-09 10:56:21');
INSERT INTO `media` (`id`, `media_type_id`, `user_id`, `body`, `filename`, `size`, `metadata`, `created_at`, `updated_at`) VALUES ('31', '31', '31', 'Animi rerum tempora officiis soluta pariatur distinctio voluptatem voluptas. Rerum iure ut ea omnis officia dolorum voluptatem. In consequatur esse enim molestiae mollitia dicta. Eligendi possimus tempora voluptate quis adipisci.', 'placeat', 5387, NULL, '2002-09-17 22:52:37', '1987-05-07 19:49:06');
INSERT INTO `media` (`id`, `media_type_id`, `user_id`, `body`, `filename`, `size`, `metadata`, `created_at`, `updated_at`) VALUES ('32', '32', '32', 'Fugit ducimus ea sit enim ullam. Debitis enim ea quos consequatur veniam perspiciatis nihil. Et deserunt quidem error aut dolores. Est voluptatibus harum voluptate tenetur soluta consequatur molestias.', 'eum', 816386, NULL, '1976-12-20 09:28:41', '1996-05-11 08:33:25');
INSERT INTO `media` (`id`, `media_type_id`, `user_id`, `body`, `filename`, `size`, `metadata`, `created_at`, `updated_at`) VALUES ('33', '33', '33', 'At nobis suscipit quam quis fugiat sit. Maiores neque est corporis cupiditate natus distinctio. Quia est eum repellat temporibus dolorum. Nihil quo sit culpa velit minus ea.', 'officia', 5940, NULL, '2014-02-06 05:21:56', '1981-03-12 02:36:35');
INSERT INTO `media` (`id`, `media_type_id`, `user_id`, `body`, `filename`, `size`, `metadata`, `created_at`, `updated_at`) VALUES ('34', '34', '34', 'Repellendus dicta vitae beatae non. Quibusdam debitis nihil provident optio rerum error. Quasi odit incidunt aut voluptatem quod. Ad fugiat rem nostrum architecto sit quod. Corrupti ducimus necessitatibus magni laboriosam quia rerum.', 'eius', 47647, NULL, '2017-06-09 02:50:56', '2015-12-11 17:19:37');
INSERT INTO `media` (`id`, `media_type_id`, `user_id`, `body`, `filename`, `size`, `metadata`, `created_at`, `updated_at`) VALUES ('35', '35', '35', 'Velit nihil est quidem est quibusdam consequatur velit eaque. Velit similique officiis nihil accusamus veritatis. Expedita eos quas animi illum blanditiis. Corporis sunt temporibus accusantium sint provident.', 'a', 0, NULL, '2019-02-28 08:55:55', '2015-08-10 17:11:00');
INSERT INTO `media` (`id`, `media_type_id`, `user_id`, `body`, `filename`, `size`, `metadata`, `created_at`, `updated_at`) VALUES ('36', '36', '36', 'Quasi tempore et rem temporibus nihil rerum. Aut ab et natus aut sit eveniet nisi ipsum. Est ducimus dicta corrupti cumque. Ducimus id magni ab. Et autem libero qui repellat ut beatae.', 'consequatur', 179, NULL, '1976-04-21 17:33:00', '1987-06-30 12:03:06');
INSERT INTO `media` (`id`, `media_type_id`, `user_id`, `body`, `filename`, `size`, `metadata`, `created_at`, `updated_at`) VALUES ('37', '37', '37', 'Voluptatem ut beatae aspernatur magnam. Non consequatur aspernatur fuga tempore nulla. Qui exercitationem ea quas non. Harum laboriosam accusamus voluptate repudiandae.', 'laboriosam', 809, NULL, '2007-11-03 02:12:48', '2003-11-12 00:43:03');
INSERT INTO `media` (`id`, `media_type_id`, `user_id`, `body`, `filename`, `size`, `metadata`, `created_at`, `updated_at`) VALUES ('38', '38', '38', 'Odio ipsum harum corporis laboriosam architecto. Aut vitae commodi eos ut laudantium sequi. Veniam officiis expedita sint corrupti architecto saepe.', 'at', 2, NULL, '2000-08-17 23:03:41', '1990-04-24 21:33:27');
INSERT INTO `media` (`id`, `media_type_id`, `user_id`, `body`, `filename`, `size`, `metadata`, `created_at`, `updated_at`) VALUES ('39', '39', '39', 'Id quae voluptatem ducimus ullam. Vero voluptatibus veniam corporis officiis sapiente. Et ipsa voluptates sapiente odio ut et.', 'veniam', 7486433, NULL, '2000-06-27 07:31:40', '1999-09-23 13:23:00');
INSERT INTO `media` (`id`, `media_type_id`, `user_id`, `body`, `filename`, `size`, `metadata`, `created_at`, `updated_at`) VALUES ('40', '40', '40', 'Non enim sint odio velit est aperiam recusandae. Ut voluptas unde quas aut provident beatae neque. Impedit et cum nisi. Ducimus fugit molestiae veniam quas officiis deleniti.', 'quis', 3, NULL, '1986-06-22 07:32:08', '2017-07-04 05:58:15');
INSERT INTO `media` (`id`, `media_type_id`, `user_id`, `body`, `filename`, `size`, `metadata`, `created_at`, `updated_at`) VALUES ('41', '41', '41', 'Consequuntur sit nihil incidunt est quisquam. Tenetur est ipsa doloremque. Optio aliquam iusto eum qui.', 'minima', 2191285, NULL, '2000-08-21 06:40:53', '2009-05-07 01:48:59');
INSERT INTO `media` (`id`, `media_type_id`, `user_id`, `body`, `filename`, `size`, `metadata`, `created_at`, `updated_at`) VALUES ('42', '42', '42', 'Vitae nihil cum vitae. Quia rerum harum ut. Unde et ut et ullam sint labore.', 'aperiam', 0, NULL, '1983-02-12 17:01:33', '1971-07-14 14:50:10');
INSERT INTO `media` (`id`, `media_type_id`, `user_id`, `body`, `filename`, `size`, `metadata`, `created_at`, `updated_at`) VALUES ('43', '43', '43', 'Quia repellat accusamus delectus autem ratione recusandae quibusdam. Cumque enim ut ipsum provident. Voluptatem molestias ut cumque eveniet. Vel autem quis illo magnam quae.', 'officia', 7827811, NULL, '2008-11-14 21:57:10', '2011-01-29 17:21:21');
INSERT INTO `media` (`id`, `media_type_id`, `user_id`, `body`, `filename`, `size`, `metadata`, `created_at`, `updated_at`) VALUES ('44', '44', '44', 'Sit omnis earum cumque dolorem eius natus. Reiciendis ullam tenetur quisquam dolorum omnis. Et accusantium est numquam minima blanditiis. Exercitationem facilis esse est aut rerum praesentium et.', 'omnis', 697679965, NULL, '2008-07-22 16:51:02', '1992-04-21 23:13:03');
INSERT INTO `media` (`id`, `media_type_id`, `user_id`, `body`, `filename`, `size`, `metadata`, `created_at`, `updated_at`) VALUES ('45', '45', '45', 'Omnis quisquam asperiores omnis numquam. Perferendis dolor impedit saepe in. Sit non et dicta.', 'sequi', 0, NULL, '1970-01-09 12:19:29', '1993-07-06 01:47:13');
INSERT INTO `media` (`id`, `media_type_id`, `user_id`, `body`, `filename`, `size`, `metadata`, `created_at`, `updated_at`) VALUES ('46', '46', '46', 'Illo dolores assumenda ut veritatis fuga quia suscipit explicabo. Qui expedita et non. Et mollitia voluptatem magni optio.', 'ut', 13, NULL, '1990-04-15 13:24:12', '2016-07-22 14:52:24');
INSERT INTO `media` (`id`, `media_type_id`, `user_id`, `body`, `filename`, `size`, `metadata`, `created_at`, `updated_at`) VALUES ('47', '47', '47', 'Ut at laudantium voluptatum atque dignissimos et. Cumque sequi mollitia quia nihil odit odit ea. Praesentium amet asperiores dolores magnam. Dolorem omnis voluptatibus facilis consectetur.', 'aliquam', 45, NULL, '1986-10-07 18:18:35', '1991-06-30 02:52:17');
INSERT INTO `media` (`id`, `media_type_id`, `user_id`, `body`, `filename`, `size`, `metadata`, `created_at`, `updated_at`) VALUES ('48', '48', '48', 'Consectetur explicabo laborum voluptas voluptas ea sed. Non voluptas nobis ducimus. Reiciendis delectus praesentium dolor temporibus magni. Natus asperiores provident qui illo.', 'sint', 1, NULL, '1978-01-14 06:16:27', '2000-04-06 08:02:33');
INSERT INTO `media` (`id`, `media_type_id`, `user_id`, `body`, `filename`, `size`, `metadata`, `created_at`, `updated_at`) VALUES ('49', '49', '49', 'Voluptas accusamus consequatur nulla a. Laudantium sit alias praesentium ab voluptatem expedita minima nobis. Consequatur qui possimus possimus blanditiis ex.', 'eaque', 26409106, NULL, '2009-07-16 20:54:32', '1978-04-09 10:27:38');
INSERT INTO `media` (`id`, `media_type_id`, `user_id`, `body`, `filename`, `size`, `metadata`, `created_at`, `updated_at`) VALUES ('50', '50', '50', 'Dolor dolorem et corrupti laudantium sed. Praesentium temporibus officia pariatur consequuntur ducimus soluta. Non officia et sapiente.', 'dolores', 543970750, NULL, '1975-01-15 22:55:37', '1985-08-21 17:20:15');
INSERT INTO `media` (`id`, `media_type_id`, `user_id`, `body`, `filename`, `size`, `metadata`, `created_at`, `updated_at`) VALUES ('51', '51', '51', 'Quaerat voluptates qui velit quaerat consequatur non. Numquam enim labore ut porro sint autem. Quis perspiciatis consequatur officia esse.', 'dicta', 7312720, NULL, '2018-06-27 02:00:13', '1992-01-08 08:30:24');
INSERT INTO `media` (`id`, `media_type_id`, `user_id`, `body`, `filename`, `size`, `metadata`, `created_at`, `updated_at`) VALUES ('52', '52', '52', 'Sint deserunt eum vel. Dolore velit quis laborum.', 'error', 2253461, NULL, '2001-07-23 22:49:39', '1999-03-08 22:01:01');
INSERT INTO `media` (`id`, `media_type_id`, `user_id`, `body`, `filename`, `size`, `metadata`, `created_at`, `updated_at`) VALUES ('53', '53', '53', 'Eos ut quasi modi consequatur quae. Saepe occaecati quis est sint. Eligendi hic ab assumenda unde suscipit aut est.', 'omnis', 339, NULL, '1995-06-13 20:04:14', '1988-07-02 04:46:14');
INSERT INTO `media` (`id`, `media_type_id`, `user_id`, `body`, `filename`, `size`, `metadata`, `created_at`, `updated_at`) VALUES ('54', '54', '54', 'Repellat consequatur perferendis ea ab ratione. Facere laudantium sint aperiam consequatur expedita perferendis nemo. Laudantium dolorem omnis accusamus.', 'quidem', 8629178, NULL, '1975-02-25 19:49:45', '2009-03-25 03:36:43');
INSERT INTO `media` (`id`, `media_type_id`, `user_id`, `body`, `filename`, `size`, `metadata`, `created_at`, `updated_at`) VALUES ('55', '55', '55', 'Doloribus dolores minus vitae suscipit qui quod molestiae. Qui minus eaque impedit aspernatur. Non explicabo voluptatem id maiores reiciendis animi ut ducimus. Dolores autem veritatis sed est nulla quidem aut.', 'perspiciatis', 147898, NULL, '2006-12-23 02:58:50', '2020-10-26 12:42:51');
INSERT INTO `media` (`id`, `media_type_id`, `user_id`, `body`, `filename`, `size`, `metadata`, `created_at`, `updated_at`) VALUES ('56', '56', '56', 'Ut impedit necessitatibus nihil aliquam et ducimus. Vero velit fuga et dolorum dolor ducimus. Voluptatem porro ut sed. Nam vel sapiente dolor esse earum est quaerat. Id et unde a est dolor.', 'et', 633887, NULL, '2019-11-10 10:34:04', '1975-07-30 10:10:42');
INSERT INTO `media` (`id`, `media_type_id`, `user_id`, `body`, `filename`, `size`, `metadata`, `created_at`, `updated_at`) VALUES ('57', '57', '57', 'Dolor iusto quia animi incidunt natus praesentium. Qui qui est laudantium rem id voluptates. A velit dicta molestiae fugiat dolorem voluptatibus voluptas autem. Eligendi autem mollitia incidunt dolorum blanditiis ea.', 'inventore', 69625256, NULL, '1982-07-14 05:02:33', '1975-09-07 21:11:22');
INSERT INTO `media` (`id`, `media_type_id`, `user_id`, `body`, `filename`, `size`, `metadata`, `created_at`, `updated_at`) VALUES ('58', '58', '58', 'Expedita voluptatem ut a nesciunt unde tempora odit. Facere sequi quia nemo illum quis sunt. Atque eos rerum et aut dolorem iste. In rerum earum aliquam ut eligendi aut.', 'sed', 434, NULL, '1989-09-04 21:44:19', '1978-07-15 10:03:47');
INSERT INTO `media` (`id`, `media_type_id`, `user_id`, `body`, `filename`, `size`, `metadata`, `created_at`, `updated_at`) VALUES ('59', '59', '59', 'Deleniti natus ut et. Porro perferendis sed in dolor sint ducimus. Nesciunt iste molestiae facere dolore sapiente incidunt accusantium.', 'et', 33240, NULL, '2006-09-10 07:00:42', '1971-05-01 03:16:05');
INSERT INTO `media` (`id`, `media_type_id`, `user_id`, `body`, `filename`, `size`, `metadata`, `created_at`, `updated_at`) VALUES ('60', '60', '60', 'Vel sed maiores architecto voluptates est. Facilis consequatur consequatur ullam veritatis ducimus. Voluptas tempore voluptatibus non voluptas eos nihil qui. Magni quo architecto officiis consequatur.', 'consequuntur', 843159643, NULL, '2004-03-20 19:43:09', '1998-10-05 20:37:06');
INSERT INTO `media` (`id`, `media_type_id`, `user_id`, `body`, `filename`, `size`, `metadata`, `created_at`, `updated_at`) VALUES ('61', '61', '61', 'Deserunt rerum explicabo sint. Est mollitia omnis omnis iusto laborum eos. Quisquam delectus molestias dolorem est quia id perspiciatis. Omnis assumenda sint odit modi fuga sed.', 'autem', 5, NULL, '1975-12-03 19:49:32', '2005-04-10 13:24:10');
INSERT INTO `media` (`id`, `media_type_id`, `user_id`, `body`, `filename`, `size`, `metadata`, `created_at`, `updated_at`) VALUES ('62', '62', '62', 'Dolores eos consequatur eos atque quos. Dolorum sed sequi voluptates a. Velit ea aperiam veniam velit.', 'eius', 3775928, NULL, '2020-03-27 06:08:49', '1984-11-17 20:44:22');
INSERT INTO `media` (`id`, `media_type_id`, `user_id`, `body`, `filename`, `size`, `metadata`, `created_at`, `updated_at`) VALUES ('63', '63', '63', 'Et eum ratione sint eum exercitationem culpa voluptas. Veritatis facere itaque molestias sit inventore. Quisquam rerum sunt deserunt aut. Quo rem aut et in enim aliquid.', 'sit', 22, NULL, '2010-09-19 22:16:12', '2000-08-07 03:28:10');
INSERT INTO `media` (`id`, `media_type_id`, `user_id`, `body`, `filename`, `size`, `metadata`, `created_at`, `updated_at`) VALUES ('64', '64', '64', 'Quisquam aut consequatur nostrum vel. Veniam doloremque repellat eum reiciendis.', 'doloribus', 4501473, NULL, '1979-06-23 07:02:10', '1973-07-18 11:03:58');
INSERT INTO `media` (`id`, `media_type_id`, `user_id`, `body`, `filename`, `size`, `metadata`, `created_at`, `updated_at`) VALUES ('65', '65', '65', 'Nesciunt ut est et cum aut deleniti. Et recusandae expedita enim doloremque. Sit ipsum molestiae esse exercitationem iste esse.', 'ratione', 1109394, NULL, '2009-06-17 23:05:56', '2001-08-05 01:25:45');
INSERT INTO `media` (`id`, `media_type_id`, `user_id`, `body`, `filename`, `size`, `metadata`, `created_at`, `updated_at`) VALUES ('66', '66', '66', 'Velit totam doloremque ullam. Sed quidem rem eos ea dolorem quos dolores. In inventore nemo qui voluptatibus. Et quo et et mollitia ut ipsam.', 'possimus', 77090, NULL, '1973-12-11 23:48:41', '2015-12-05 11:08:25');
INSERT INTO `media` (`id`, `media_type_id`, `user_id`, `body`, `filename`, `size`, `metadata`, `created_at`, `updated_at`) VALUES ('67', '67', '67', 'At sint qui et odio. Necessitatibus libero sed sed iusto dolor nesciunt. Ea rerum magni assumenda sunt. Voluptate amet dolor delectus dolorem. Qui enim culpa quia facilis sunt rerum aut voluptatem.', 'et', 82501897, NULL, '1971-01-09 03:18:59', '2019-02-08 07:17:47');
INSERT INTO `media` (`id`, `media_type_id`, `user_id`, `body`, `filename`, `size`, `metadata`, `created_at`, `updated_at`) VALUES ('68', '68', '68', 'Voluptates sit unde sunt esse quidem. Laboriosam exercitationem aut vero repellat cum ea.', 'dolores', 918926, NULL, '1977-01-27 03:30:36', '1997-07-23 22:12:02');
INSERT INTO `media` (`id`, `media_type_id`, `user_id`, `body`, `filename`, `size`, `metadata`, `created_at`, `updated_at`) VALUES ('69', '69', '69', 'In nihil adipisci nihil incidunt maiores et voluptatum. Adipisci excepturi quam et optio facere velit nihil. Qui dolorem ad deleniti est consequatur delectus. Cumque animi modi vel non perferendis blanditiis.', 'omnis', 9, NULL, '1986-02-04 16:03:26', '1994-01-18 09:51:28');
INSERT INTO `media` (`id`, `media_type_id`, `user_id`, `body`, `filename`, `size`, `metadata`, `created_at`, `updated_at`) VALUES ('70', '70', '70', 'Aut fugiat totam maiores sunt architecto cum. Sunt non dicta alias ipsa veritatis sed alias fugit. Qui quaerat ipsam deserunt dolorem eaque esse architecto.', 'sed', 0, NULL, '2021-01-17 00:29:32', '2000-12-28 00:24:06');
INSERT INTO `media` (`id`, `media_type_id`, `user_id`, `body`, `filename`, `size`, `metadata`, `created_at`, `updated_at`) VALUES ('71', '71', '71', 'Ducimus esse non minima ea iste in quaerat. Ut quas sit iusto omnis et necessitatibus.', 'dignissimos', 104, NULL, '1995-04-19 22:30:47', '2004-02-21 15:39:24');
INSERT INTO `media` (`id`, `media_type_id`, `user_id`, `body`, `filename`, `size`, `metadata`, `created_at`, `updated_at`) VALUES ('72', '72', '72', 'Sed voluptas labore optio minima reprehenderit rerum iure. Id voluptas nisi vel numquam recusandae.', 'adipisci', 736282, NULL, '1972-08-12 10:10:12', '1983-08-13 03:06:32');
INSERT INTO `media` (`id`, `media_type_id`, `user_id`, `body`, `filename`, `size`, `metadata`, `created_at`, `updated_at`) VALUES ('73', '73', '73', 'Eos consequatur occaecati omnis. Officia modi voluptatem non deleniti labore animi et. Velit ut voluptatem nam itaque laborum est eum.', 'ipsa', 52851, NULL, '2016-02-10 19:55:38', '2008-07-21 19:28:49');
INSERT INTO `media` (`id`, `media_type_id`, `user_id`, `body`, `filename`, `size`, `metadata`, `created_at`, `updated_at`) VALUES ('74', '74', '74', 'Id sed atque expedita corrupti. Est quasi minus distinctio quaerat quod nihil. Porro alias eaque nemo incidunt impedit minus nesciunt.', 'veritatis', 478248, NULL, '2018-04-27 09:07:35', '2001-02-18 01:29:10');
INSERT INTO `media` (`id`, `media_type_id`, `user_id`, `body`, `filename`, `size`, `metadata`, `created_at`, `updated_at`) VALUES ('75', '75', '75', 'Modi magni ex voluptatibus consequatur rerum. Et hic praesentium placeat culpa. Qui ut ullam reiciendis ut eligendi.', 'est', 75, NULL, '1971-08-30 22:09:05', '1975-08-04 01:34:58');
INSERT INTO `media` (`id`, `media_type_id`, `user_id`, `body`, `filename`, `size`, `metadata`, `created_at`, `updated_at`) VALUES ('76', '76', '76', 'Ut maxime eos non. Qui ut quibusdam beatae consequatur. Deserunt eos odio accusamus numquam porro quia ut. Assumenda molestias provident sint aliquam nobis repellat.', 'delectus', 486056, NULL, '1984-11-30 10:23:26', '2017-08-15 22:48:54');
INSERT INTO `media` (`id`, `media_type_id`, `user_id`, `body`, `filename`, `size`, `metadata`, `created_at`, `updated_at`) VALUES ('77', '77', '77', 'Qui praesentium fuga voluptate dignissimos et et. Quas reiciendis harum possimus illum sit corrupti. Rerum earum vel unde et.', 'sed', 7347, NULL, '1996-12-25 21:32:13', '1980-08-23 07:27:12');
INSERT INTO `media` (`id`, `media_type_id`, `user_id`, `body`, `filename`, `size`, `metadata`, `created_at`, `updated_at`) VALUES ('78', '78', '78', 'Iste tempora et dolores et dolorem reiciendis nam. Ea quo sit enim est animi. Neque repellat omnis quis voluptas amet libero dolorem. Assumenda ut voluptas porro nihil et voluptatem omnis repudiandae.', 'aspernatur', 4, NULL, '2013-05-14 23:01:22', '1990-10-03 06:36:07');
INSERT INTO `media` (`id`, `media_type_id`, `user_id`, `body`, `filename`, `size`, `metadata`, `created_at`, `updated_at`) VALUES ('79', '79', '79', 'Fugit dolorem voluptas repellat sapiente voluptates error. Qui non ratione magnam animi voluptas quia provident. Laboriosam earum voluptatem quasi eligendi dolore id.', 'quia', 603, NULL, '1991-10-06 11:29:34', '1995-12-23 22:42:53');
INSERT INTO `media` (`id`, `media_type_id`, `user_id`, `body`, `filename`, `size`, `metadata`, `created_at`, `updated_at`) VALUES ('80', '80', '80', 'Exercitationem rerum id vel occaecati. Fuga ex aut iure delectus quibusdam provident ut.', 'ut', 4940, NULL, '2014-10-22 22:59:23', '1970-08-08 10:46:22');
INSERT INTO `media` (`id`, `media_type_id`, `user_id`, `body`, `filename`, `size`, `metadata`, `created_at`, `updated_at`) VALUES ('81', '81', '81', 'Quasi et placeat accusantium vitae. Fuga minima aut non inventore ut et excepturi. Rerum quia voluptates sed quos.', 'sunt', 2429571, NULL, '2003-12-17 16:05:18', '1989-01-24 02:39:43');
INSERT INTO `media` (`id`, `media_type_id`, `user_id`, `body`, `filename`, `size`, `metadata`, `created_at`, `updated_at`) VALUES ('82', '82', '82', 'At ut delectus voluptatem maiores excepturi quos. Explicabo qui nulla consectetur excepturi. Officia aut et dolor qui unde quisquam aperiam.', 'eveniet', 35, NULL, '1998-12-02 10:57:35', '1983-09-23 02:20:18');
INSERT INTO `media` (`id`, `media_type_id`, `user_id`, `body`, `filename`, `size`, `metadata`, `created_at`, `updated_at`) VALUES ('83', '83', '83', 'Natus officia aut ab sit non. Est architecto non facilis sed et possimus. Laborum quas eaque sint quia placeat. Consequatur nesciunt dicta totam quia velit. Vel dolor natus porro maiores quod.', 'omnis', 6262316, NULL, '1971-08-01 19:11:50', '1986-02-03 05:32:49');
INSERT INTO `media` (`id`, `media_type_id`, `user_id`, `body`, `filename`, `size`, `metadata`, `created_at`, `updated_at`) VALUES ('84', '84', '84', 'Ab dolore eligendi velit aliquid. Illum consequatur provident distinctio placeat cumque. Aut mollitia ducimus enim atque velit ad magni. Occaecati sunt sit assumenda et dolore.', 'fugit', 481522, NULL, '2007-11-22 04:04:31', '1987-10-29 07:08:39');
INSERT INTO `media` (`id`, `media_type_id`, `user_id`, `body`, `filename`, `size`, `metadata`, `created_at`, `updated_at`) VALUES ('85', '85', '85', 'Consequuntur architecto culpa dolorem. Velit incidunt possimus maiores sed nihil quia et.', 'incidunt', 5989905, NULL, '1971-03-23 01:24:04', '1984-06-07 05:15:38');
INSERT INTO `media` (`id`, `media_type_id`, `user_id`, `body`, `filename`, `size`, `metadata`, `created_at`, `updated_at`) VALUES ('86', '86', '86', 'Nesciunt assumenda totam explicabo porro voluptatem quia. Minus et est adipisci recusandae. Hic et quam impedit neque consectetur vitae quo.', 'delectus', 2, NULL, '1977-01-08 08:51:17', '2020-09-22 02:22:07');
INSERT INTO `media` (`id`, `media_type_id`, `user_id`, `body`, `filename`, `size`, `metadata`, `created_at`, `updated_at`) VALUES ('87', '87', '87', 'Tenetur sed sit magni totam iste esse accusamus. Quis repellat nihil quasi architecto repellat doloremque. Fugiat nobis alias dolores quia voluptate aut fugiat labore.', 'saepe', 606168534, NULL, '1981-07-02 08:40:44', '1990-03-25 19:04:01');
INSERT INTO `media` (`id`, `media_type_id`, `user_id`, `body`, `filename`, `size`, `metadata`, `created_at`, `updated_at`) VALUES ('88', '88', '88', 'Dolor saepe doloribus facilis unde. Quae voluptate sint cumque dolores magnam dolorem. Doloremque veniam natus eos quia ut.', 'et', 4, NULL, '2010-01-31 12:14:49', '2005-07-03 04:23:35');
INSERT INTO `media` (`id`, `media_type_id`, `user_id`, `body`, `filename`, `size`, `metadata`, `created_at`, `updated_at`) VALUES ('89', '89', '89', 'Aut modi mollitia voluptatum. Quis deleniti id eos ut. Quia id nihil nemo vel enim debitis rerum ratione. Delectus beatae vel harum et molestiae inventore quod expedita.', 'aut', 0, NULL, '1984-12-12 12:32:11', '2009-06-27 04:40:22');
INSERT INTO `media` (`id`, `media_type_id`, `user_id`, `body`, `filename`, `size`, `metadata`, `created_at`, `updated_at`) VALUES ('90', '90', '90', 'Nulla quaerat repudiandae dolorum dolor est. Atque voluptates modi at et sunt consequatur eos. Numquam qui earum magnam totam at magni.', 'quia', 309, NULL, '1977-09-22 21:40:22', '1978-04-21 00:54:10');
INSERT INTO `media` (`id`, `media_type_id`, `user_id`, `body`, `filename`, `size`, `metadata`, `created_at`, `updated_at`) VALUES ('91', '91', '91', 'Hic at adipisci qui veniam impedit vel quibusdam blanditiis. Vitae ea tenetur eveniet fugit animi eligendi.', 'aspernatur', 509484898, NULL, '1976-12-10 07:59:03', '1998-08-23 11:47:12');
INSERT INTO `media` (`id`, `media_type_id`, `user_id`, `body`, `filename`, `size`, `metadata`, `created_at`, `updated_at`) VALUES ('92', '92', '92', 'Molestiae eos quidem dolor cum. Qui veritatis nulla aliquid consequuntur a consequuntur quo laudantium. Dolor molestias blanditiis nemo modi nemo placeat nisi.', 'et', 26, NULL, '1985-09-04 16:20:50', '2013-08-03 20:13:21');
INSERT INTO `media` (`id`, `media_type_id`, `user_id`, `body`, `filename`, `size`, `metadata`, `created_at`, `updated_at`) VALUES ('93', '93', '93', 'A animi delectus porro omnis. Quidem porro quaerat nihil molestiae neque. Nobis nobis ratione aut enim dolor.', 'quam', 55786, NULL, '1987-10-16 12:30:55', '2003-01-17 04:35:05');
INSERT INTO `media` (`id`, `media_type_id`, `user_id`, `body`, `filename`, `size`, `metadata`, `created_at`, `updated_at`) VALUES ('94', '94', '94', 'Facere rerum temporibus esse aperiam doloribus dolorem omnis. Nesciunt odit molestias enim maiores est maxime. Provident et perferendis facere.', 'omnis', 371131, NULL, '1983-10-08 02:29:01', '2005-12-01 11:33:12');
INSERT INTO `media` (`id`, `media_type_id`, `user_id`, `body`, `filename`, `size`, `metadata`, `created_at`, `updated_at`) VALUES ('95', '95', '95', 'Voluptates nobis illo quos quis facere. Cupiditate omnis fugiat iure laudantium dolorem ex. Numquam et sed perferendis facilis suscipit. Dolores et occaecati at vitae.', 'eaque', 781, NULL, '2002-06-19 07:43:59', '2009-01-13 01:59:35');
INSERT INTO `media` (`id`, `media_type_id`, `user_id`, `body`, `filename`, `size`, `metadata`, `created_at`, `updated_at`) VALUES ('96', '96', '96', 'Ipsa nisi vitae ullam rerum. Dolores praesentium id ut consequatur. Consequatur omnis quo labore nihil repudiandae aspernatur atque. Laudantium laborum recusandae rem quis dolorem quia.', 'aut', 834998465, NULL, '2010-05-22 02:16:33', '2022-02-05 06:09:34');
INSERT INTO `media` (`id`, `media_type_id`, `user_id`, `body`, `filename`, `size`, `metadata`, `created_at`, `updated_at`) VALUES ('97', '97', '97', 'Sint modi exercitationem tenetur unde autem quod. Vero voluptates tempore voluptatem assumenda rem ex. Inventore modi in neque earum fuga repudiandae sed.', 'exercitationem', 49, NULL, '2013-05-03 22:47:40', '2008-10-14 21:03:57');
INSERT INTO `media` (`id`, `media_type_id`, `user_id`, `body`, `filename`, `size`, `metadata`, `created_at`, `updated_at`) VALUES ('98', '98', '98', 'Sunt corrupti blanditiis laboriosam modi voluptatum repudiandae esse. Aut rerum error facere ut debitis nulla. Libero odit nemo mollitia molestiae cum itaque. Ut ut nihil laborum quaerat numquam delectus illo.', 'est', 2636713, NULL, '1988-09-07 03:57:57', '1995-02-14 01:46:40');
INSERT INTO `media` (`id`, `media_type_id`, `user_id`, `body`, `filename`, `size`, `metadata`, `created_at`, `updated_at`) VALUES ('99', '99', '99', 'Qui eos et unde inventore. Excepturi ratione consectetur corrupti aut magni totam. Eaque voluptatem optio quos temporibus quaerat iusto.', 'error', 553, NULL, '1974-05-02 23:54:18', '2002-08-22 09:40:25');
INSERT INTO `media` (`id`, `media_type_id`, `user_id`, `body`, `filename`, `size`, `metadata`, `created_at`, `updated_at`) VALUES ('100', '100', '100', 'Praesentium et voluptas sequi ut blanditiis. Sapiente ut in veniam aliquam. Nihil quod qui eaque vel suscipit.', 'eum', 223717, NULL, '2003-09-28 06:50:43', '1973-01-13 21:03:59');


#
# TABLE STRUCTURE FOR: media_types
#

DROP TABLE IF EXISTS `media_types`;

CREATE TABLE `media_types` (
  `id` bigint(20) unsigned NOT NULL AUTO_INCREMENT,
  `name` varchar(255) COLLATE utf8mb4_unicode_ci DEFAULT NULL,
  `created_at` datetime DEFAULT current_timestamp(),
  `updated_at` datetime DEFAULT current_timestamp() ON UPDATE current_timestamp(),
  PRIMARY KEY (`id`)
) ENGINE=InnoDB AUTO_INCREMENT=101 DEFAULT CHARSET=utf8mb4 COLLATE=utf8mb4_unicode_ci;

INSERT INTO `media_types` (`id`, `name`, `created_at`, `updated_at`) VALUES ('1', 'et', '1989-06-14 16:14:29', '2008-09-07 21:11:34');
INSERT INTO `media_types` (`id`, `name`, `created_at`, `updated_at`) VALUES ('2', 'excepturi', '2015-03-31 20:32:15', '1984-07-30 12:55:50');
INSERT INTO `media_types` (`id`, `name`, `created_at`, `updated_at`) VALUES ('3', 'quis', '2011-01-23 22:40:45', '1973-08-25 12:32:11');
INSERT INTO `media_types` (`id`, `name`, `created_at`, `updated_at`) VALUES ('4', 'optio', '1981-12-15 08:25:13', '2000-08-30 09:32:58');
INSERT INTO `media_types` (`id`, `name`, `created_at`, `updated_at`) VALUES ('5', 'a', '1999-04-27 15:23:06', '2005-01-31 23:27:23');
INSERT INTO `media_types` (`id`, `name`, `created_at`, `updated_at`) VALUES ('6', 'eum', '1971-09-04 21:01:19', '2012-09-23 18:12:59');
INSERT INTO `media_types` (`id`, `name`, `created_at`, `updated_at`) VALUES ('7', 'quia', '1987-09-07 04:04:38', '1971-04-22 21:36:42');
INSERT INTO `media_types` (`id`, `name`, `created_at`, `updated_at`) VALUES ('8', 'laborum', '1986-10-18 06:18:38', '2014-09-24 16:23:44');
INSERT INTO `media_types` (`id`, `name`, `created_at`, `updated_at`) VALUES ('9', 'impedit', '1999-03-14 16:00:02', '1980-04-03 04:33:00');
INSERT INTO `media_types` (`id`, `name`, `created_at`, `updated_at`) VALUES ('10', 'eos', '1996-08-07 16:38:21', '1984-07-23 17:59:38');
INSERT INTO `media_types` (`id`, `name`, `created_at`, `updated_at`) VALUES ('11', 'eius', '1972-12-16 10:24:12', '2013-04-20 00:55:28');
INSERT INTO `media_types` (`id`, `name`, `created_at`, `updated_at`) VALUES ('12', 'sunt', '1983-05-23 19:58:30', '2020-04-18 05:58:38');
INSERT INTO `media_types` (`id`, `name`, `created_at`, `updated_at`) VALUES ('13', 'quia', '1983-08-29 10:23:11', '2003-02-01 12:15:55');
INSERT INTO `media_types` (`id`, `name`, `created_at`, `updated_at`) VALUES ('14', 'tempora', '2016-11-05 19:53:48', '2016-11-30 00:26:00');
INSERT INTO `media_types` (`id`, `name`, `created_at`, `updated_at`) VALUES ('15', 'ullam', '2005-12-06 10:26:14', '1990-09-01 19:33:13');
INSERT INTO `media_types` (`id`, `name`, `created_at`, `updated_at`) VALUES ('16', 'voluptatem', '1997-05-07 06:52:04', '1982-11-19 06:31:32');
INSERT INTO `media_types` (`id`, `name`, `created_at`, `updated_at`) VALUES ('17', 'nobis', '1985-07-22 12:11:48', '2009-04-20 05:34:10');
INSERT INTO `media_types` (`id`, `name`, `created_at`, `updated_at`) VALUES ('18', 'odit', '2000-09-05 17:04:00', '1997-12-23 22:58:28');
INSERT INTO `media_types` (`id`, `name`, `created_at`, `updated_at`) VALUES ('19', 'aut', '1982-05-26 19:49:28', '2008-09-07 14:13:20');
INSERT INTO `media_types` (`id`, `name`, `created_at`, `updated_at`) VALUES ('20', 'consequatur', '2002-10-09 00:23:00', '2015-05-29 17:38:11');
INSERT INTO `media_types` (`id`, `name`, `created_at`, `updated_at`) VALUES ('21', 'amet', '2002-02-14 20:16:04', '2010-05-30 13:29:08');
INSERT INTO `media_types` (`id`, `name`, `created_at`, `updated_at`) VALUES ('22', 'nihil', '2012-05-06 01:47:06', '2018-09-23 23:41:30');
INSERT INTO `media_types` (`id`, `name`, `created_at`, `updated_at`) VALUES ('23', 'porro', '1974-08-14 20:10:04', '2011-11-19 23:40:01');
INSERT INTO `media_types` (`id`, `name`, `created_at`, `updated_at`) VALUES ('24', 'sint', '2011-03-10 12:43:02', '2020-10-29 09:14:02');
INSERT INTO `media_types` (`id`, `name`, `created_at`, `updated_at`) VALUES ('25', 'consequatur', '2004-01-26 20:11:10', '1997-11-06 18:01:06');
INSERT INTO `media_types` (`id`, `name`, `created_at`, `updated_at`) VALUES ('26', 'rerum', '2016-10-04 08:33:07', '1981-04-15 13:10:36');
INSERT INTO `media_types` (`id`, `name`, `created_at`, `updated_at`) VALUES ('27', 'omnis', '1996-05-15 15:29:36', '1976-04-29 16:45:46');
INSERT INTO `media_types` (`id`, `name`, `created_at`, `updated_at`) VALUES ('28', 'ratione', '1970-07-30 09:55:20', '1989-04-21 17:58:39');
INSERT INTO `media_types` (`id`, `name`, `created_at`, `updated_at`) VALUES ('29', 'necessitatibus', '2015-07-20 15:18:11', '2014-02-03 15:16:21');
INSERT INTO `media_types` (`id`, `name`, `created_at`, `updated_at`) VALUES ('30', 'est', '2015-12-09 15:30:35', '1981-01-19 12:24:49');
INSERT INTO `media_types` (`id`, `name`, `created_at`, `updated_at`) VALUES ('31', 'dolor', '1975-12-24 02:01:11', '2005-07-28 09:44:52');
INSERT INTO `media_types` (`id`, `name`, `created_at`, `updated_at`) VALUES ('32', 'qui', '2006-12-22 08:58:37', '2014-02-12 15:54:01');
INSERT INTO `media_types` (`id`, `name`, `created_at`, `updated_at`) VALUES ('33', 'itaque', '2021-12-02 05:42:08', '2001-09-28 05:28:09');
INSERT INTO `media_types` (`id`, `name`, `created_at`, `updated_at`) VALUES ('34', 'omnis', '1977-02-09 00:58:44', '1997-08-03 17:47:21');
INSERT INTO `media_types` (`id`, `name`, `created_at`, `updated_at`) VALUES ('35', 'ut', '1983-05-31 20:39:54', '2000-04-16 23:50:41');
INSERT INTO `media_types` (`id`, `name`, `created_at`, `updated_at`) VALUES ('36', 'voluptas', '2003-04-15 02:25:03', '1992-10-02 01:08:33');
INSERT INTO `media_types` (`id`, `name`, `created_at`, `updated_at`) VALUES ('37', 'aperiam', '1989-05-05 15:21:28', '2016-06-28 15:03:32');
INSERT INTO `media_types` (`id`, `name`, `created_at`, `updated_at`) VALUES ('38', 'minima', '2013-04-18 02:42:52', '2022-11-14 15:21:43');
INSERT INTO `media_types` (`id`, `name`, `created_at`, `updated_at`) VALUES ('39', 'harum', '1997-08-16 19:35:39', '1995-02-06 03:17:02');
INSERT INTO `media_types` (`id`, `name`, `created_at`, `updated_at`) VALUES ('40', 'repellendus', '1995-01-08 22:48:34', '1972-03-05 11:28:08');
INSERT INTO `media_types` (`id`, `name`, `created_at`, `updated_at`) VALUES ('41', 'aspernatur', '1998-10-19 03:19:38', '1975-11-24 16:44:24');
INSERT INTO `media_types` (`id`, `name`, `created_at`, `updated_at`) VALUES ('42', 'velit', '2021-07-26 09:59:14', '1975-03-11 23:22:39');
INSERT INTO `media_types` (`id`, `name`, `created_at`, `updated_at`) VALUES ('43', 'facilis', '1989-08-05 08:40:56', '1975-06-08 18:49:50');
INSERT INTO `media_types` (`id`, `name`, `created_at`, `updated_at`) VALUES ('44', 'sint', '1975-12-01 00:50:59', '1974-01-20 08:55:01');
INSERT INTO `media_types` (`id`, `name`, `created_at`, `updated_at`) VALUES ('45', 'consequatur', '2014-08-07 21:39:01', '2001-01-16 22:43:14');
INSERT INTO `media_types` (`id`, `name`, `created_at`, `updated_at`) VALUES ('46', 'a', '2023-02-04 03:51:25', '2011-09-27 09:17:05');
INSERT INTO `media_types` (`id`, `name`, `created_at`, `updated_at`) VALUES ('47', 'nulla', '2018-05-13 12:23:42', '1999-09-09 15:42:03');
INSERT INTO `media_types` (`id`, `name`, `created_at`, `updated_at`) VALUES ('48', 'qui', '1985-01-31 18:31:25', '2020-12-05 09:56:53');
INSERT INTO `media_types` (`id`, `name`, `created_at`, `updated_at`) VALUES ('49', 'sequi', '2006-11-19 09:57:18', '1986-07-23 00:20:45');
INSERT INTO `media_types` (`id`, `name`, `created_at`, `updated_at`) VALUES ('50', 'corporis', '2016-09-12 12:10:26', '1999-08-16 19:17:16');
INSERT INTO `media_types` (`id`, `name`, `created_at`, `updated_at`) VALUES ('51', 'aut', '1981-11-12 03:09:51', '1992-08-28 07:11:22');
INSERT INTO `media_types` (`id`, `name`, `created_at`, `updated_at`) VALUES ('52', 'earum', '1988-01-21 18:47:33', '1972-08-13 13:50:18');
INSERT INTO `media_types` (`id`, `name`, `created_at`, `updated_at`) VALUES ('53', 'non', '1996-01-23 23:07:37', '2004-12-03 09:14:13');
INSERT INTO `media_types` (`id`, `name`, `created_at`, `updated_at`) VALUES ('54', 'dolorem', '1997-08-25 18:14:11', '1972-06-18 22:14:59');
INSERT INTO `media_types` (`id`, `name`, `created_at`, `updated_at`) VALUES ('55', 'sunt', '1990-08-17 10:11:47', '1988-06-19 11:56:56');
INSERT INTO `media_types` (`id`, `name`, `created_at`, `updated_at`) VALUES ('56', 'accusantium', '2017-12-07 17:02:04', '2021-02-25 01:15:07');
INSERT INTO `media_types` (`id`, `name`, `created_at`, `updated_at`) VALUES ('57', 'sit', '1990-09-02 17:36:22', '2004-05-20 06:29:42');
INSERT INTO `media_types` (`id`, `name`, `created_at`, `updated_at`) VALUES ('58', 'earum', '1996-02-23 16:52:43', '1999-04-30 04:26:36');
INSERT INTO `media_types` (`id`, `name`, `created_at`, `updated_at`) VALUES ('59', 'vero', '2013-06-19 01:51:01', '1990-03-05 01:51:19');
INSERT INTO `media_types` (`id`, `name`, `created_at`, `updated_at`) VALUES ('60', 'delectus', '2003-12-18 21:46:07', '1973-10-29 20:27:23');
INSERT INTO `media_types` (`id`, `name`, `created_at`, `updated_at`) VALUES ('61', 'officiis', '2020-06-09 08:55:25', '1974-07-01 12:44:44');
INSERT INTO `media_types` (`id`, `name`, `created_at`, `updated_at`) VALUES ('62', 'rerum', '2016-10-20 22:02:17', '1998-05-14 18:30:51');
INSERT INTO `media_types` (`id`, `name`, `created_at`, `updated_at`) VALUES ('63', 'et', '2005-12-26 18:58:36', '2001-03-27 15:40:15');
INSERT INTO `media_types` (`id`, `name`, `created_at`, `updated_at`) VALUES ('64', 'cum', '2020-12-23 05:24:11', '2010-06-04 05:38:14');
INSERT INTO `media_types` (`id`, `name`, `created_at`, `updated_at`) VALUES ('65', 'magnam', '2010-11-07 17:38:16', '2021-04-20 05:59:52');
INSERT INTO `media_types` (`id`, `name`, `created_at`, `updated_at`) VALUES ('66', 'exercitationem', '1980-08-04 21:30:29', '1971-11-16 03:46:47');
INSERT INTO `media_types` (`id`, `name`, `created_at`, `updated_at`) VALUES ('67', 'similique', '1981-10-27 11:49:27', '1987-02-01 06:56:44');
INSERT INTO `media_types` (`id`, `name`, `created_at`, `updated_at`) VALUES ('68', 'perspiciatis', '2015-01-18 21:51:29', '1988-01-13 00:52:13');
INSERT INTO `media_types` (`id`, `name`, `created_at`, `updated_at`) VALUES ('69', 'ea', '1998-10-14 06:33:07', '1985-12-19 05:12:59');
INSERT INTO `media_types` (`id`, `name`, `created_at`, `updated_at`) VALUES ('70', 'consequatur', '1984-04-21 09:25:41', '1986-05-26 09:22:45');
INSERT INTO `media_types` (`id`, `name`, `created_at`, `updated_at`) VALUES ('71', 'repudiandae', '1987-05-11 06:39:43', '1974-10-22 14:28:50');
INSERT INTO `media_types` (`id`, `name`, `created_at`, `updated_at`) VALUES ('72', 'enim', '1973-03-31 19:31:56', '1980-03-04 22:56:36');
INSERT INTO `media_types` (`id`, `name`, `created_at`, `updated_at`) VALUES ('73', 'laborum', '1975-05-03 16:44:53', '1986-10-30 15:19:29');
INSERT INTO `media_types` (`id`, `name`, `created_at`, `updated_at`) VALUES ('74', 'quae', '1970-09-14 00:34:39', '2011-12-13 17:06:16');
INSERT INTO `media_types` (`id`, `name`, `created_at`, `updated_at`) VALUES ('75', 'quibusdam', '1986-03-23 02:42:31', '1979-08-12 14:09:05');
INSERT INTO `media_types` (`id`, `name`, `created_at`, `updated_at`) VALUES ('76', 'dicta', '1992-10-30 03:00:40', '1992-07-27 13:25:49');
INSERT INTO `media_types` (`id`, `name`, `created_at`, `updated_at`) VALUES ('77', 'quas', '2004-11-07 20:41:17', '2019-11-08 18:29:53');
INSERT INTO `media_types` (`id`, `name`, `created_at`, `updated_at`) VALUES ('78', 'rerum', '2014-05-09 07:22:05', '1979-01-18 14:19:53');
INSERT INTO `media_types` (`id`, `name`, `created_at`, `updated_at`) VALUES ('79', 'debitis', '1993-10-30 02:15:48', '2017-12-14 09:15:42');
INSERT INTO `media_types` (`id`, `name`, `created_at`, `updated_at`) VALUES ('80', 'ad', '1988-09-14 13:25:16', '1978-01-02 00:35:35');
INSERT INTO `media_types` (`id`, `name`, `created_at`, `updated_at`) VALUES ('81', 'nisi', '1996-04-02 21:31:47', '1979-04-27 01:16:21');
INSERT INTO `media_types` (`id`, `name`, `created_at`, `updated_at`) VALUES ('82', 'aperiam', '1989-10-01 17:53:29', '1988-10-11 20:08:48');
INSERT INTO `media_types` (`id`, `name`, `created_at`, `updated_at`) VALUES ('83', 'voluptas', '1993-07-23 05:51:12', '2009-01-04 22:28:46');
INSERT INTO `media_types` (`id`, `name`, `created_at`, `updated_at`) VALUES ('84', 'sequi', '2018-10-08 12:24:00', '2008-01-11 02:17:49');
INSERT INTO `media_types` (`id`, `name`, `created_at`, `updated_at`) VALUES ('85', 'id', '1974-01-02 15:44:34', '1981-07-26 16:18:38');
INSERT INTO `media_types` (`id`, `name`, `created_at`, `updated_at`) VALUES ('86', 'corrupti', '1996-05-09 02:43:25', '2007-01-30 18:39:02');
INSERT INTO `media_types` (`id`, `name`, `created_at`, `updated_at`) VALUES ('87', 'id', '1974-03-24 12:41:15', '1985-02-04 11:00:12');
INSERT INTO `media_types` (`id`, `name`, `created_at`, `updated_at`) VALUES ('88', 'sapiente', '1994-06-27 15:11:28', '2021-11-24 10:27:11');
INSERT INTO `media_types` (`id`, `name`, `created_at`, `updated_at`) VALUES ('89', 'sed', '2005-02-11 09:45:45', '1982-04-10 17:31:25');
INSERT INTO `media_types` (`id`, `name`, `created_at`, `updated_at`) VALUES ('90', 'ut', '2020-05-16 06:29:34', '1980-01-05 21:45:04');
INSERT INTO `media_types` (`id`, `name`, `created_at`, `updated_at`) VALUES ('91', 'asperiores', '1977-04-26 15:41:28', '1998-01-29 20:37:33');
INSERT INTO `media_types` (`id`, `name`, `created_at`, `updated_at`) VALUES ('92', 'culpa', '1971-12-08 17:18:25', '2001-06-12 05:51:33');
INSERT INTO `media_types` (`id`, `name`, `created_at`, `updated_at`) VALUES ('93', 'est', '2001-08-22 06:10:08', '1981-04-16 09:16:43');
INSERT INTO `media_types` (`id`, `name`, `created_at`, `updated_at`) VALUES ('94', 'repellat', '1991-08-24 20:44:17', '1998-06-27 01:38:10');
INSERT INTO `media_types` (`id`, `name`, `created_at`, `updated_at`) VALUES ('95', 'debitis', '1974-04-24 13:57:29', '1988-01-25 01:18:36');
INSERT INTO `media_types` (`id`, `name`, `created_at`, `updated_at`) VALUES ('96', 'laborum', '2008-08-12 07:16:15', '1994-11-20 10:00:44');
INSERT INTO `media_types` (`id`, `name`, `created_at`, `updated_at`) VALUES ('97', 'quo', '1990-08-07 06:14:01', '1981-10-12 09:27:23');
INSERT INTO `media_types` (`id`, `name`, `created_at`, `updated_at`) VALUES ('98', 'et', '2005-09-12 17:05:06', '1970-05-23 14:44:24');
INSERT INTO `media_types` (`id`, `name`, `created_at`, `updated_at`) VALUES ('99', 'et', '1979-02-13 22:47:02', '2017-02-04 18:52:26');
INSERT INTO `media_types` (`id`, `name`, `created_at`, `updated_at`) VALUES ('100', 'quasi', '1996-05-03 03:10:05', '1980-05-17 06:31:57');


#
# TABLE STRUCTURE FOR: photo_albums
#

DROP TABLE IF EXISTS `photo_albums`;

CREATE TABLE `photo_albums` (
  `id` bigint(20) unsigned NOT NULL AUTO_INCREMENT,
  `name` varchar(255) COLLATE utf8mb4_unicode_ci DEFAULT NULL,
  `user_id` bigint(20) unsigned DEFAULT NULL,
  PRIMARY KEY (`id`),
  UNIQUE KEY `id` (`id`),
  KEY `user_id` (`user_id`),
  CONSTRAINT `photo_albums_ibfk_1` FOREIGN KEY (`user_id`) REFERENCES `users` (`id`) ON DELETE SET NULL ON UPDATE CASCADE
) ENGINE=InnoDB AUTO_INCREMENT=101 DEFAULT CHARSET=utf8mb4 COLLATE=utf8mb4_unicode_ci;

INSERT INTO `photo_albums` (`id`, `name`, `user_id`) VALUES ('1', 'molestiae', '1');
INSERT INTO `photo_albums` (`id`, `name`, `user_id`) VALUES ('2', 'unde', '2');
INSERT INTO `photo_albums` (`id`, `name`, `user_id`) VALUES ('3', 'odio', '3');
INSERT INTO `photo_albums` (`id`, `name`, `user_id`) VALUES ('4', 'aut', '4');
INSERT INTO `photo_albums` (`id`, `name`, `user_id`) VALUES ('5', 'qui', '5');
INSERT INTO `photo_albums` (`id`, `name`, `user_id`) VALUES ('6', 'ipsum', '6');
INSERT INTO `photo_albums` (`id`, `name`, `user_id`) VALUES ('7', 'id', '7');
INSERT INTO `photo_albums` (`id`, `name`, `user_id`) VALUES ('8', 'asperiores', '8');
INSERT INTO `photo_albums` (`id`, `name`, `user_id`) VALUES ('9', 'atque', '9');
INSERT INTO `photo_albums` (`id`, `name`, `user_id`) VALUES ('10', 'sed', '10');
INSERT INTO `photo_albums` (`id`, `name`, `user_id`) VALUES ('11', 'delectus', '11');
INSERT INTO `photo_albums` (`id`, `name`, `user_id`) VALUES ('12', 'enim', '12');
INSERT INTO `photo_albums` (`id`, `name`, `user_id`) VALUES ('13', 'eos', '13');
INSERT INTO `photo_albums` (`id`, `name`, `user_id`) VALUES ('14', 'reprehenderit', '14');
INSERT INTO `photo_albums` (`id`, `name`, `user_id`) VALUES ('15', 'magnam', '15');
INSERT INTO `photo_albums` (`id`, `name`, `user_id`) VALUES ('16', 'omnis', '16');
INSERT INTO `photo_albums` (`id`, `name`, `user_id`) VALUES ('17', 'sunt', '17');
INSERT INTO `photo_albums` (`id`, `name`, `user_id`) VALUES ('18', 'occaecati', '18');
INSERT INTO `photo_albums` (`id`, `name`, `user_id`) VALUES ('19', 'voluptate', '19');
INSERT INTO `photo_albums` (`id`, `name`, `user_id`) VALUES ('20', 'corrupti', '20');
INSERT INTO `photo_albums` (`id`, `name`, `user_id`) VALUES ('21', 'facere', '21');
INSERT INTO `photo_albums` (`id`, `name`, `user_id`) VALUES ('22', 'molestiae', '22');
INSERT INTO `photo_albums` (`id`, `name`, `user_id`) VALUES ('23', 'aspernatur', '23');
INSERT INTO `photo_albums` (`id`, `name`, `user_id`) VALUES ('24', 'corporis', '24');
INSERT INTO `photo_albums` (`id`, `name`, `user_id`) VALUES ('25', 'illum', '25');
INSERT INTO `photo_albums` (`id`, `name`, `user_id`) VALUES ('26', 'praesentium', '26');
INSERT INTO `photo_albums` (`id`, `name`, `user_id`) VALUES ('27', 'vel', '27');
INSERT INTO `photo_albums` (`id`, `name`, `user_id`) VALUES ('28', 'sunt', '28');
INSERT INTO `photo_albums` (`id`, `name`, `user_id`) VALUES ('29', 'laborum', '29');
INSERT INTO `photo_albums` (`id`, `name`, `user_id`) VALUES ('30', 'unde', '30');
INSERT INTO `photo_albums` (`id`, `name`, `user_id`) VALUES ('31', 'perspiciatis', '31');
INSERT INTO `photo_albums` (`id`, `name`, `user_id`) VALUES ('32', 'ducimus', '32');
INSERT INTO `photo_albums` (`id`, `name`, `user_id`) VALUES ('33', 'numquam', '33');
INSERT INTO `photo_albums` (`id`, `name`, `user_id`) VALUES ('34', 'odio', '34');
INSERT INTO `photo_albums` (`id`, `name`, `user_id`) VALUES ('35', 'error', '35');
INSERT INTO `photo_albums` (`id`, `name`, `user_id`) VALUES ('36', 'sit', '36');
INSERT INTO `photo_albums` (`id`, `name`, `user_id`) VALUES ('37', 'quis', '37');
INSERT INTO `photo_albums` (`id`, `name`, `user_id`) VALUES ('38', 'vitae', '38');
INSERT INTO `photo_albums` (`id`, `name`, `user_id`) VALUES ('39', 'id', '39');
INSERT INTO `photo_albums` (`id`, `name`, `user_id`) VALUES ('40', 'corporis', '40');
INSERT INTO `photo_albums` (`id`, `name`, `user_id`) VALUES ('41', 'occaecati', '41');
INSERT INTO `photo_albums` (`id`, `name`, `user_id`) VALUES ('42', 'eum', '42');
INSERT INTO `photo_albums` (`id`, `name`, `user_id`) VALUES ('43', 'dicta', '43');
INSERT INTO `photo_albums` (`id`, `name`, `user_id`) VALUES ('44', 'nihil', '44');
INSERT INTO `photo_albums` (`id`, `name`, `user_id`) VALUES ('45', 'non', '45');
INSERT INTO `photo_albums` (`id`, `name`, `user_id`) VALUES ('46', 'odit', '46');
INSERT INTO `photo_albums` (`id`, `name`, `user_id`) VALUES ('47', 'voluptatem', '47');
INSERT INTO `photo_albums` (`id`, `name`, `user_id`) VALUES ('48', 'corporis', '48');
INSERT INTO `photo_albums` (`id`, `name`, `user_id`) VALUES ('49', 'sapiente', '49');
INSERT INTO `photo_albums` (`id`, `name`, `user_id`) VALUES ('50', 'veniam', '50');
INSERT INTO `photo_albums` (`id`, `name`, `user_id`) VALUES ('51', 'ut', '51');
INSERT INTO `photo_albums` (`id`, `name`, `user_id`) VALUES ('52', 'accusamus', '52');
INSERT INTO `photo_albums` (`id`, `name`, `user_id`) VALUES ('53', 'dolor', '53');
INSERT INTO `photo_albums` (`id`, `name`, `user_id`) VALUES ('54', 'quia', '54');
INSERT INTO `photo_albums` (`id`, `name`, `user_id`) VALUES ('55', 'illum', '55');
INSERT INTO `photo_albums` (`id`, `name`, `user_id`) VALUES ('56', 'dicta', '56');
INSERT INTO `photo_albums` (`id`, `name`, `user_id`) VALUES ('57', 'sunt', '57');
INSERT INTO `photo_albums` (`id`, `name`, `user_id`) VALUES ('58', 'quidem', '58');
INSERT INTO `photo_albums` (`id`, `name`, `user_id`) VALUES ('59', 'atque', '59');
INSERT INTO `photo_albums` (`id`, `name`, `user_id`) VALUES ('60', 'optio', '60');
INSERT INTO `photo_albums` (`id`, `name`, `user_id`) VALUES ('61', 'explicabo', '61');
INSERT INTO `photo_albums` (`id`, `name`, `user_id`) VALUES ('62', 'ipsam', '62');
INSERT INTO `photo_albums` (`id`, `name`, `user_id`) VALUES ('63', 'harum', '63');
INSERT INTO `photo_albums` (`id`, `name`, `user_id`) VALUES ('64', 'quis', '64');
INSERT INTO `photo_albums` (`id`, `name`, `user_id`) VALUES ('65', 'in', '65');
INSERT INTO `photo_albums` (`id`, `name`, `user_id`) VALUES ('66', 'aspernatur', '66');
INSERT INTO `photo_albums` (`id`, `name`, `user_id`) VALUES ('67', 'vel', '67');
INSERT INTO `photo_albums` (`id`, `name`, `user_id`) VALUES ('68', 'suscipit', '68');
INSERT INTO `photo_albums` (`id`, `name`, `user_id`) VALUES ('69', 'eos', '69');
INSERT INTO `photo_albums` (`id`, `name`, `user_id`) VALUES ('70', 'facere', '70');
INSERT INTO `photo_albums` (`id`, `name`, `user_id`) VALUES ('71', 'culpa', '71');
INSERT INTO `photo_albums` (`id`, `name`, `user_id`) VALUES ('72', 'repellat', '72');
INSERT INTO `photo_albums` (`id`, `name`, `user_id`) VALUES ('73', 'officia', '73');
INSERT INTO `photo_albums` (`id`, `name`, `user_id`) VALUES ('74', 'provident', '74');
INSERT INTO `photo_albums` (`id`, `name`, `user_id`) VALUES ('75', 'eveniet', '75');
INSERT INTO `photo_albums` (`id`, `name`, `user_id`) VALUES ('76', 'dolorum', '76');
INSERT INTO `photo_albums` (`id`, `name`, `user_id`) VALUES ('77', 'voluptatem', '77');
INSERT INTO `photo_albums` (`id`, `name`, `user_id`) VALUES ('78', 'odio', '78');
INSERT INTO `photo_albums` (`id`, `name`, `user_id`) VALUES ('79', 'ab', '79');
INSERT INTO `photo_albums` (`id`, `name`, `user_id`) VALUES ('80', 'cupiditate', '80');
INSERT INTO `photo_albums` (`id`, `name`, `user_id`) VALUES ('81', 'et', '81');
INSERT INTO `photo_albums` (`id`, `name`, `user_id`) VALUES ('82', 'et', '82');
INSERT INTO `photo_albums` (`id`, `name`, `user_id`) VALUES ('83', 'illo', '83');
INSERT INTO `photo_albums` (`id`, `name`, `user_id`) VALUES ('84', 'eos', '84');
INSERT INTO `photo_albums` (`id`, `name`, `user_id`) VALUES ('85', 'hic', '85');
INSERT INTO `photo_albums` (`id`, `name`, `user_id`) VALUES ('86', 'eaque', '86');
INSERT INTO `photo_albums` (`id`, `name`, `user_id`) VALUES ('87', 'nihil', '87');
INSERT INTO `photo_albums` (`id`, `name`, `user_id`) VALUES ('88', 'saepe', '88');
INSERT INTO `photo_albums` (`id`, `name`, `user_id`) VALUES ('89', 'quo', '89');
INSERT INTO `photo_albums` (`id`, `name`, `user_id`) VALUES ('90', 'et', '90');
INSERT INTO `photo_albums` (`id`, `name`, `user_id`) VALUES ('91', 'at', '91');
INSERT INTO `photo_albums` (`id`, `name`, `user_id`) VALUES ('92', 'porro', '92');
INSERT INTO `photo_albums` (`id`, `name`, `user_id`) VALUES ('93', 'delectus', '93');
INSERT INTO `photo_albums` (`id`, `name`, `user_id`) VALUES ('94', 'accusantium', '94');
INSERT INTO `photo_albums` (`id`, `name`, `user_id`) VALUES ('95', 'asperiores', '95');
INSERT INTO `photo_albums` (`id`, `name`, `user_id`) VALUES ('96', 'veniam', '96');
INSERT INTO `photo_albums` (`id`, `name`, `user_id`) VALUES ('97', 'labore', '97');
INSERT INTO `photo_albums` (`id`, `name`, `user_id`) VALUES ('98', 'quia', '98');
INSERT INTO `photo_albums` (`id`, `name`, `user_id`) VALUES ('99', 'fugit', '99');
INSERT INTO `photo_albums` (`id`, `name`, `user_id`) VALUES ('100', 'quam', '100');


#
# TABLE STRUCTURE FOR: photos
#

DROP TABLE IF EXISTS `photos`;

CREATE TABLE `photos` (
  `id` bigint(20) unsigned NOT NULL AUTO_INCREMENT,
  `album_id` bigint(20) unsigned NOT NULL,
  `media_id` bigint(20) unsigned NOT NULL,
  PRIMARY KEY (`id`),
  KEY `album_id` (`album_id`),
  KEY `media_id` (`media_id`),
  CONSTRAINT `photos_ibfk_1` FOREIGN KEY (`album_id`) REFERENCES `photo_albums` (`id`) ON DELETE CASCADE ON UPDATE CASCADE,
  CONSTRAINT `photos_ibfk_2` FOREIGN KEY (`media_id`) REFERENCES `media` (`id`) ON DELETE CASCADE ON UPDATE CASCADE
) ENGINE=InnoDB AUTO_INCREMENT=101 DEFAULT CHARSET=utf8mb4 COLLATE=utf8mb4_unicode_ci;

INSERT INTO `photos` (`id`, `album_id`, `media_id`) VALUES ('1', '1', '1');
INSERT INTO `photos` (`id`, `album_id`, `media_id`) VALUES ('2', '2', '2');
INSERT INTO `photos` (`id`, `album_id`, `media_id`) VALUES ('3', '3', '3');
INSERT INTO `photos` (`id`, `album_id`, `media_id`) VALUES ('4', '4', '4');
INSERT INTO `photos` (`id`, `album_id`, `media_id`) VALUES ('5', '5', '5');
INSERT INTO `photos` (`id`, `album_id`, `media_id`) VALUES ('6', '6', '6');
INSERT INTO `photos` (`id`, `album_id`, `media_id`) VALUES ('7', '7', '7');
INSERT INTO `photos` (`id`, `album_id`, `media_id`) VALUES ('8', '8', '8');
INSERT INTO `photos` (`id`, `album_id`, `media_id`) VALUES ('9', '9', '9');
INSERT INTO `photos` (`id`, `album_id`, `media_id`) VALUES ('10', '10', '10');
INSERT INTO `photos` (`id`, `album_id`, `media_id`) VALUES ('11', '11', '11');
INSERT INTO `photos` (`id`, `album_id`, `media_id`) VALUES ('12', '12', '12');
INSERT INTO `photos` (`id`, `album_id`, `media_id`) VALUES ('13', '13', '13');
INSERT INTO `photos` (`id`, `album_id`, `media_id`) VALUES ('14', '14', '14');
INSERT INTO `photos` (`id`, `album_id`, `media_id`) VALUES ('15', '15', '15');
INSERT INTO `photos` (`id`, `album_id`, `media_id`) VALUES ('16', '16', '16');
INSERT INTO `photos` (`id`, `album_id`, `media_id`) VALUES ('17', '17', '17');
INSERT INTO `photos` (`id`, `album_id`, `media_id`) VALUES ('18', '18', '18');
INSERT INTO `photos` (`id`, `album_id`, `media_id`) VALUES ('19', '19', '19');
INSERT INTO `photos` (`id`, `album_id`, `media_id`) VALUES ('20', '20', '20');
INSERT INTO `photos` (`id`, `album_id`, `media_id`) VALUES ('21', '21', '21');
INSERT INTO `photos` (`id`, `album_id`, `media_id`) VALUES ('22', '22', '22');
INSERT INTO `photos` (`id`, `album_id`, `media_id`) VALUES ('23', '23', '23');
INSERT INTO `photos` (`id`, `album_id`, `media_id`) VALUES ('24', '24', '24');
INSERT INTO `photos` (`id`, `album_id`, `media_id`) VALUES ('25', '25', '25');
INSERT INTO `photos` (`id`, `album_id`, `media_id`) VALUES ('26', '26', '26');
INSERT INTO `photos` (`id`, `album_id`, `media_id`) VALUES ('27', '27', '27');
INSERT INTO `photos` (`id`, `album_id`, `media_id`) VALUES ('28', '28', '28');
INSERT INTO `photos` (`id`, `album_id`, `media_id`) VALUES ('29', '29', '29');
INSERT INTO `photos` (`id`, `album_id`, `media_id`) VALUES ('30', '30', '30');
INSERT INTO `photos` (`id`, `album_id`, `media_id`) VALUES ('31', '31', '31');
INSERT INTO `photos` (`id`, `album_id`, `media_id`) VALUES ('32', '32', '32');
INSERT INTO `photos` (`id`, `album_id`, `media_id`) VALUES ('33', '33', '33');
INSERT INTO `photos` (`id`, `album_id`, `media_id`) VALUES ('34', '34', '34');
INSERT INTO `photos` (`id`, `album_id`, `media_id`) VALUES ('35', '35', '35');
INSERT INTO `photos` (`id`, `album_id`, `media_id`) VALUES ('36', '36', '36');
INSERT INTO `photos` (`id`, `album_id`, `media_id`) VALUES ('37', '37', '37');
INSERT INTO `photos` (`id`, `album_id`, `media_id`) VALUES ('38', '38', '38');
INSERT INTO `photos` (`id`, `album_id`, `media_id`) VALUES ('39', '39', '39');
INSERT INTO `photos` (`id`, `album_id`, `media_id`) VALUES ('40', '40', '40');
INSERT INTO `photos` (`id`, `album_id`, `media_id`) VALUES ('41', '41', '41');
INSERT INTO `photos` (`id`, `album_id`, `media_id`) VALUES ('42', '42', '42');
INSERT INTO `photos` (`id`, `album_id`, `media_id`) VALUES ('43', '43', '43');
INSERT INTO `photos` (`id`, `album_id`, `media_id`) VALUES ('44', '44', '44');
INSERT INTO `photos` (`id`, `album_id`, `media_id`) VALUES ('45', '45', '45');
INSERT INTO `photos` (`id`, `album_id`, `media_id`) VALUES ('46', '46', '46');
INSERT INTO `photos` (`id`, `album_id`, `media_id`) VALUES ('47', '47', '47');
INSERT INTO `photos` (`id`, `album_id`, `media_id`) VALUES ('48', '48', '48');
INSERT INTO `photos` (`id`, `album_id`, `media_id`) VALUES ('49', '49', '49');
INSERT INTO `photos` (`id`, `album_id`, `media_id`) VALUES ('50', '50', '50');
INSERT INTO `photos` (`id`, `album_id`, `media_id`) VALUES ('51', '51', '51');
INSERT INTO `photos` (`id`, `album_id`, `media_id`) VALUES ('52', '52', '52');
INSERT INTO `photos` (`id`, `album_id`, `media_id`) VALUES ('53', '53', '53');
INSERT INTO `photos` (`id`, `album_id`, `media_id`) VALUES ('54', '54', '54');
INSERT INTO `photos` (`id`, `album_id`, `media_id`) VALUES ('55', '55', '55');
INSERT INTO `photos` (`id`, `album_id`, `media_id`) VALUES ('56', '56', '56');
INSERT INTO `photos` (`id`, `album_id`, `media_id`) VALUES ('57', '57', '57');
INSERT INTO `photos` (`id`, `album_id`, `media_id`) VALUES ('58', '58', '58');
INSERT INTO `photos` (`id`, `album_id`, `media_id`) VALUES ('59', '59', '59');
INSERT INTO `photos` (`id`, `album_id`, `media_id`) VALUES ('60', '60', '60');
INSERT INTO `photos` (`id`, `album_id`, `media_id`) VALUES ('61', '61', '61');
INSERT INTO `photos` (`id`, `album_id`, `media_id`) VALUES ('62', '62', '62');
INSERT INTO `photos` (`id`, `album_id`, `media_id`) VALUES ('63', '63', '63');
INSERT INTO `photos` (`id`, `album_id`, `media_id`) VALUES ('64', '64', '64');
INSERT INTO `photos` (`id`, `album_id`, `media_id`) VALUES ('65', '65', '65');
INSERT INTO `photos` (`id`, `album_id`, `media_id`) VALUES ('66', '66', '66');
INSERT INTO `photos` (`id`, `album_id`, `media_id`) VALUES ('67', '67', '67');
INSERT INTO `photos` (`id`, `album_id`, `media_id`) VALUES ('68', '68', '68');
INSERT INTO `photos` (`id`, `album_id`, `media_id`) VALUES ('69', '69', '69');
INSERT INTO `photos` (`id`, `album_id`, `media_id`) VALUES ('70', '70', '70');
INSERT INTO `photos` (`id`, `album_id`, `media_id`) VALUES ('71', '71', '71');
INSERT INTO `photos` (`id`, `album_id`, `media_id`) VALUES ('72', '72', '72');
INSERT INTO `photos` (`id`, `album_id`, `media_id`) VALUES ('73', '73', '73');
INSERT INTO `photos` (`id`, `album_id`, `media_id`) VALUES ('74', '74', '74');
INSERT INTO `photos` (`id`, `album_id`, `media_id`) VALUES ('75', '75', '75');
INSERT INTO `photos` (`id`, `album_id`, `media_id`) VALUES ('76', '76', '76');
INSERT INTO `photos` (`id`, `album_id`, `media_id`) VALUES ('77', '77', '77');
INSERT INTO `photos` (`id`, `album_id`, `media_id`) VALUES ('78', '78', '78');
INSERT INTO `photos` (`id`, `album_id`, `media_id`) VALUES ('79', '79', '79');
INSERT INTO `photos` (`id`, `album_id`, `media_id`) VALUES ('80', '80', '80');
INSERT INTO `photos` (`id`, `album_id`, `media_id`) VALUES ('81', '81', '81');
INSERT INTO `photos` (`id`, `album_id`, `media_id`) VALUES ('82', '82', '82');
INSERT INTO `photos` (`id`, `album_id`, `media_id`) VALUES ('83', '83', '83');
INSERT INTO `photos` (`id`, `album_id`, `media_id`) VALUES ('84', '84', '84');
INSERT INTO `photos` (`id`, `album_id`, `media_id`) VALUES ('85', '85', '85');
INSERT INTO `photos` (`id`, `album_id`, `media_id`) VALUES ('86', '86', '86');
INSERT INTO `photos` (`id`, `album_id`, `media_id`) VALUES ('87', '87', '87');
INSERT INTO `photos` (`id`, `album_id`, `media_id`) VALUES ('88', '88', '88');
INSERT INTO `photos` (`id`, `album_id`, `media_id`) VALUES ('89', '89', '89');
INSERT INTO `photos` (`id`, `album_id`, `media_id`) VALUES ('90', '90', '90');
INSERT INTO `photos` (`id`, `album_id`, `media_id`) VALUES ('91', '91', '91');
INSERT INTO `photos` (`id`, `album_id`, `media_id`) VALUES ('92', '92', '92');
INSERT INTO `photos` (`id`, `album_id`, `media_id`) VALUES ('93', '93', '93');
INSERT INTO `photos` (`id`, `album_id`, `media_id`) VALUES ('94', '94', '94');
INSERT INTO `photos` (`id`, `album_id`, `media_id`) VALUES ('95', '95', '95');
INSERT INTO `photos` (`id`, `album_id`, `media_id`) VALUES ('96', '96', '96');
INSERT INTO `photos` (`id`, `album_id`, `media_id`) VALUES ('97', '97', '97');
INSERT INTO `photos` (`id`, `album_id`, `media_id`) VALUES ('98', '98', '98');
INSERT INTO `photos` (`id`, `album_id`, `media_id`) VALUES ('99', '99', '99');
INSERT INTO `photos` (`id`, `album_id`, `media_id`) VALUES ('100', '100', '100');


#
# TABLE STRUCTURE FOR: profiles
#

DROP TABLE IF EXISTS `profiles`;

CREATE TABLE `profiles` (
  `user_id` bigint(20) unsigned NOT NULL AUTO_INCREMENT,
  `gender` char(1) COLLATE utf8mb4_unicode_ci DEFAULT NULL,
  `birthday` date DEFAULT NULL,
  `photo_id` bigint(20) unsigned DEFAULT NULL,
  `created_at` datetime DEFAULT current_timestamp(),
  `hometown` varchar(100) COLLATE utf8mb4_unicode_ci DEFAULT NULL,
  PRIMARY KEY (`user_id`),
  KEY `fk_photo_id` (`photo_id`),
  CONSTRAINT `fk_photo_id` FOREIGN KEY (`photo_id`) REFERENCES `photos` (`id`) ON DELETE SET NULL ON UPDATE CASCADE,
  CONSTRAINT `fk_user_id` FOREIGN KEY (`user_id`) REFERENCES `users` (`id`) ON DELETE CASCADE ON UPDATE CASCADE
) ENGINE=InnoDB AUTO_INCREMENT=101 DEFAULT CHARSET=utf8mb4 COLLATE=utf8mb4_unicode_ci;

INSERT INTO `profiles` (`user_id`, `gender`, `birthday`, `photo_id`, `created_at`, `hometown`) VALUES ('1', 'm', '1993-08-22', '1', '2005-09-06 22:53:54', NULL);
INSERT INTO `profiles` (`user_id`, `gender`, `birthday`, `photo_id`, `created_at`, `hometown`) VALUES ('2', 'f', '1972-10-18', '2', '1995-02-10 01:50:32', NULL);
INSERT INTO `profiles` (`user_id`, `gender`, `birthday`, `photo_id`, `created_at`, `hometown`) VALUES ('3', 'f', '1984-07-06', '3', '2002-02-26 15:52:24', NULL);
INSERT INTO `profiles` (`user_id`, `gender`, `birthday`, `photo_id`, `created_at`, `hometown`) VALUES ('4', 'f', '2014-11-19', '4', '2019-05-17 01:38:25', NULL);
INSERT INTO `profiles` (`user_id`, `gender`, `birthday`, `photo_id`, `created_at`, `hometown`) VALUES ('5', 'm', '2017-07-02', '5', '1991-05-07 17:23:41', NULL);
INSERT INTO `profiles` (`user_id`, `gender`, `birthday`, `photo_id`, `created_at`, `hometown`) VALUES ('6', 'f', '1994-04-05', '6', '2018-11-24 12:05:12', NULL);
INSERT INTO `profiles` (`user_id`, `gender`, `birthday`, `photo_id`, `created_at`, `hometown`) VALUES ('7', 'm', '1975-08-09', '7', '2016-04-08 12:37:02', NULL);
INSERT INTO `profiles` (`user_id`, `gender`, `birthday`, `photo_id`, `created_at`, `hometown`) VALUES ('8', 'm', '1998-03-27', '8', '2008-08-05 13:39:22', NULL);
INSERT INTO `profiles` (`user_id`, `gender`, `birthday`, `photo_id`, `created_at`, `hometown`) VALUES ('9', 'm', '1982-09-26', '9', '1977-03-12 14:13:39', NULL);
INSERT INTO `profiles` (`user_id`, `gender`, `birthday`, `photo_id`, `created_at`, `hometown`) VALUES ('10', 'm', '1981-01-08', '10', '2012-04-09 20:47:29', NULL);
INSERT INTO `profiles` (`user_id`, `gender`, `birthday`, `photo_id`, `created_at`, `hometown`) VALUES ('11', 'f', '1974-12-02', '11', '2005-11-23 20:43:14', NULL);
INSERT INTO `profiles` (`user_id`, `gender`, `birthday`, `photo_id`, `created_at`, `hometown`) VALUES ('12', 'f', '1980-01-01', '12', '1998-06-20 13:35:50', NULL);
INSERT INTO `profiles` (`user_id`, `gender`, `birthday`, `photo_id`, `created_at`, `hometown`) VALUES ('13', 'm', '1974-01-24', '13', '2004-05-06 23:21:58', NULL);
INSERT INTO `profiles` (`user_id`, `gender`, `birthday`, `photo_id`, `created_at`, `hometown`) VALUES ('14', 'f', '1990-12-24', '14', '1987-11-15 02:50:13', NULL);
INSERT INTO `profiles` (`user_id`, `gender`, `birthday`, `photo_id`, `created_at`, `hometown`) VALUES ('15', 'f', '1983-12-19', '15', '1986-08-23 09:55:32', NULL);
INSERT INTO `profiles` (`user_id`, `gender`, `birthday`, `photo_id`, `created_at`, `hometown`) VALUES ('16', 'f', '2018-05-21', '16', '1972-11-05 06:30:09', NULL);
INSERT INTO `profiles` (`user_id`, `gender`, `birthday`, `photo_id`, `created_at`, `hometown`) VALUES ('17', 'f', '2001-01-06', '17', '2012-11-20 09:27:31', NULL);
INSERT INTO `profiles` (`user_id`, `gender`, `birthday`, `photo_id`, `created_at`, `hometown`) VALUES ('18', 'f', '1986-12-28', '18', '2008-06-24 14:48:18', NULL);
INSERT INTO `profiles` (`user_id`, `gender`, `birthday`, `photo_id`, `created_at`, `hometown`) VALUES ('19', 'f', '2003-02-12', '19', '1988-05-14 18:58:29', NULL);
INSERT INTO `profiles` (`user_id`, `gender`, `birthday`, `photo_id`, `created_at`, `hometown`) VALUES ('20', 'f', '1979-09-26', '20', '1987-09-20 06:18:03', NULL);
INSERT INTO `profiles` (`user_id`, `gender`, `birthday`, `photo_id`, `created_at`, `hometown`) VALUES ('21', 'f', '1999-08-21', '21', '1976-06-01 17:29:36', NULL);
INSERT INTO `profiles` (`user_id`, `gender`, `birthday`, `photo_id`, `created_at`, `hometown`) VALUES ('22', 'f', '1989-01-02', '22', '1992-04-18 12:53:00', NULL);
INSERT INTO `profiles` (`user_id`, `gender`, `birthday`, `photo_id`, `created_at`, `hometown`) VALUES ('23', 'm', '1974-07-05', '23', '2021-05-19 10:57:35', NULL);
INSERT INTO `profiles` (`user_id`, `gender`, `birthday`, `photo_id`, `created_at`, `hometown`) VALUES ('24', 'f', '2020-11-06', '24', '1995-12-29 12:32:16', NULL);
INSERT INTO `profiles` (`user_id`, `gender`, `birthday`, `photo_id`, `created_at`, `hometown`) VALUES ('25', 'm', '1985-12-14', '25', '1973-09-29 12:24:41', NULL);
INSERT INTO `profiles` (`user_id`, `gender`, `birthday`, `photo_id`, `created_at`, `hometown`) VALUES ('26', 'm', '2006-12-20', '26', '2022-12-29 02:23:54', NULL);
INSERT INTO `profiles` (`user_id`, `gender`, `birthday`, `photo_id`, `created_at`, `hometown`) VALUES ('27', 'f', '1986-05-22', '27', '1973-05-20 07:56:11', NULL);
INSERT INTO `profiles` (`user_id`, `gender`, `birthday`, `photo_id`, `created_at`, `hometown`) VALUES ('28', 'f', '1971-12-15', '28', '2006-06-14 18:40:53', NULL);
INSERT INTO `profiles` (`user_id`, `gender`, `birthday`, `photo_id`, `created_at`, `hometown`) VALUES ('29', 'f', '2019-04-12', '29', '2017-08-25 13:25:58', NULL);
INSERT INTO `profiles` (`user_id`, `gender`, `birthday`, `photo_id`, `created_at`, `hometown`) VALUES ('30', 'm', '2001-01-28', '30', '1990-11-14 23:07:54', NULL);
INSERT INTO `profiles` (`user_id`, `gender`, `birthday`, `photo_id`, `created_at`, `hometown`) VALUES ('31', 'm', '1990-01-10', '31', '2012-08-10 11:19:29', NULL);
INSERT INTO `profiles` (`user_id`, `gender`, `birthday`, `photo_id`, `created_at`, `hometown`) VALUES ('32', 'f', '1989-07-17', '32', '1980-06-20 19:06:39', NULL);
INSERT INTO `profiles` (`user_id`, `gender`, `birthday`, `photo_id`, `created_at`, `hometown`) VALUES ('33', 'm', '1998-06-27', '33', '1971-09-29 08:35:20', NULL);
INSERT INTO `profiles` (`user_id`, `gender`, `birthday`, `photo_id`, `created_at`, `hometown`) VALUES ('34', 'm', '1983-05-01', '34', '2016-04-28 16:58:20', NULL);
INSERT INTO `profiles` (`user_id`, `gender`, `birthday`, `photo_id`, `created_at`, `hometown`) VALUES ('35', 'f', '2010-11-02', '35', '2017-03-12 00:31:01', NULL);
INSERT INTO `profiles` (`user_id`, `gender`, `birthday`, `photo_id`, `created_at`, `hometown`) VALUES ('36', 'm', '2019-05-23', '36', '2017-03-07 03:33:57', NULL);
INSERT INTO `profiles` (`user_id`, `gender`, `birthday`, `photo_id`, `created_at`, `hometown`) VALUES ('37', 'f', '1993-07-06', '37', '1998-02-21 14:35:30', NULL);
INSERT INTO `profiles` (`user_id`, `gender`, `birthday`, `photo_id`, `created_at`, `hometown`) VALUES ('38', 'm', '2020-08-26', '38', '1985-05-04 09:10:38', NULL);
INSERT INTO `profiles` (`user_id`, `gender`, `birthday`, `photo_id`, `created_at`, `hometown`) VALUES ('39', 'm', '1972-04-25', '39', '1992-08-23 13:21:12', NULL);
INSERT INTO `profiles` (`user_id`, `gender`, `birthday`, `photo_id`, `created_at`, `hometown`) VALUES ('40', 'm', '1981-07-05', '40', '2013-09-19 05:10:26', NULL);
INSERT INTO `profiles` (`user_id`, `gender`, `birthday`, `photo_id`, `created_at`, `hometown`) VALUES ('41', 'm', '1985-03-09', '41', '2016-03-11 22:30:04', NULL);
INSERT INTO `profiles` (`user_id`, `gender`, `birthday`, `photo_id`, `created_at`, `hometown`) VALUES ('42', 'f', '2007-07-21', '42', '2007-05-25 03:59:00', NULL);
INSERT INTO `profiles` (`user_id`, `gender`, `birthday`, `photo_id`, `created_at`, `hometown`) VALUES ('43', 'f', '2007-02-25', '43', '2010-04-05 04:35:47', NULL);
INSERT INTO `profiles` (`user_id`, `gender`, `birthday`, `photo_id`, `created_at`, `hometown`) VALUES ('44', 'm', '1971-04-15', '44', '2002-08-04 14:19:01', NULL);
INSERT INTO `profiles` (`user_id`, `gender`, `birthday`, `photo_id`, `created_at`, `hometown`) VALUES ('45', 'm', '1983-12-09', '45', '1993-05-20 17:59:30', NULL);
INSERT INTO `profiles` (`user_id`, `gender`, `birthday`, `photo_id`, `created_at`, `hometown`) VALUES ('46', 'f', '1979-12-03', '46', '2002-02-14 14:08:55', NULL);
INSERT INTO `profiles` (`user_id`, `gender`, `birthday`, `photo_id`, `created_at`, `hometown`) VALUES ('47', 'f', '2020-10-12', '47', '1981-04-25 05:56:19', NULL);
INSERT INTO `profiles` (`user_id`, `gender`, `birthday`, `photo_id`, `created_at`, `hometown`) VALUES ('48', 'm', '1987-03-04', '48', '1971-11-07 19:23:25', NULL);
INSERT INTO `profiles` (`user_id`, `gender`, `birthday`, `photo_id`, `created_at`, `hometown`) VALUES ('49', 'm', '1971-07-23', '49', '2016-07-08 16:30:17', NULL);
INSERT INTO `profiles` (`user_id`, `gender`, `birthday`, `photo_id`, `created_at`, `hometown`) VALUES ('50', 'm', '1973-10-18', '50', '2011-06-11 04:32:36', NULL);
INSERT INTO `profiles` (`user_id`, `gender`, `birthday`, `photo_id`, `created_at`, `hometown`) VALUES ('51', 'm', '1984-04-23', '51', '1985-06-01 05:24:30', NULL);
INSERT INTO `profiles` (`user_id`, `gender`, `birthday`, `photo_id`, `created_at`, `hometown`) VALUES ('52', 'f', '1978-07-07', '52', '1976-05-29 02:50:16', NULL);
INSERT INTO `profiles` (`user_id`, `gender`, `birthday`, `photo_id`, `created_at`, `hometown`) VALUES ('53', 'm', '1978-08-27', '53', '1982-02-06 14:20:26', NULL);
INSERT INTO `profiles` (`user_id`, `gender`, `birthday`, `photo_id`, `created_at`, `hometown`) VALUES ('54', 'm', '1987-11-19', '54', '2015-09-22 20:33:48', NULL);
INSERT INTO `profiles` (`user_id`, `gender`, `birthday`, `photo_id`, `created_at`, `hometown`) VALUES ('55', 'f', '1972-02-29', '55', '1985-03-24 17:05:32', NULL);
INSERT INTO `profiles` (`user_id`, `gender`, `birthday`, `photo_id`, `created_at`, `hometown`) VALUES ('56', 'f', '1976-10-10', '56', '2021-09-19 22:43:28', NULL);
INSERT INTO `profiles` (`user_id`, `gender`, `birthday`, `photo_id`, `created_at`, `hometown`) VALUES ('57', 'f', '1977-08-15', '57', '1992-07-05 11:07:59', NULL);
INSERT INTO `profiles` (`user_id`, `gender`, `birthday`, `photo_id`, `created_at`, `hometown`) VALUES ('58', 'm', '2002-05-14', '58', '2023-01-15 20:05:46', NULL);
INSERT INTO `profiles` (`user_id`, `gender`, `birthday`, `photo_id`, `created_at`, `hometown`) VALUES ('59', 'f', '1974-08-08', '59', '2003-09-09 07:30:44', NULL);
INSERT INTO `profiles` (`user_id`, `gender`, `birthday`, `photo_id`, `created_at`, `hometown`) VALUES ('60', 'f', '1977-07-06', '60', '2020-01-31 17:52:38', NULL);
INSERT INTO `profiles` (`user_id`, `gender`, `birthday`, `photo_id`, `created_at`, `hometown`) VALUES ('61', 'f', '1977-04-07', '61', '1976-01-26 21:23:02', NULL);
INSERT INTO `profiles` (`user_id`, `gender`, `birthday`, `photo_id`, `created_at`, `hometown`) VALUES ('62', 'm', '1995-03-11', '62', '1971-08-14 11:05:15', NULL);
INSERT INTO `profiles` (`user_id`, `gender`, `birthday`, `photo_id`, `created_at`, `hometown`) VALUES ('63', 'f', '2010-07-06', '63', '1972-06-24 09:07:34', NULL);
INSERT INTO `profiles` (`user_id`, `gender`, `birthday`, `photo_id`, `created_at`, `hometown`) VALUES ('64', 'm', '1999-10-19', '64', '1990-03-23 12:19:58', NULL);
INSERT INTO `profiles` (`user_id`, `gender`, `birthday`, `photo_id`, `created_at`, `hometown`) VALUES ('65', 'm', '1970-05-20', '65', '2003-07-08 16:28:10', NULL);
INSERT INTO `profiles` (`user_id`, `gender`, `birthday`, `photo_id`, `created_at`, `hometown`) VALUES ('66', 'f', '2001-11-16', '66', '2012-09-29 01:13:09', NULL);
INSERT INTO `profiles` (`user_id`, `gender`, `birthday`, `photo_id`, `created_at`, `hometown`) VALUES ('67', 'm', '1989-08-01', '67', '1982-11-14 15:13:42', NULL);
INSERT INTO `profiles` (`user_id`, `gender`, `birthday`, `photo_id`, `created_at`, `hometown`) VALUES ('68', 'm', '1985-08-23', '68', '1980-10-16 08:55:52', NULL);
INSERT INTO `profiles` (`user_id`, `gender`, `birthday`, `photo_id`, `created_at`, `hometown`) VALUES ('69', 'm', '2019-08-26', '69', '1984-06-02 14:00:12', NULL);
INSERT INTO `profiles` (`user_id`, `gender`, `birthday`, `photo_id`, `created_at`, `hometown`) VALUES ('70', 'f', '2020-12-13', '70', '2005-04-20 07:42:41', NULL);
INSERT INTO `profiles` (`user_id`, `gender`, `birthday`, `photo_id`, `created_at`, `hometown`) VALUES ('71', 'f', '1992-11-22', '71', '2000-10-11 20:50:10', NULL);
INSERT INTO `profiles` (`user_id`, `gender`, `birthday`, `photo_id`, `created_at`, `hometown`) VALUES ('72', 'm', '2016-12-02', '72', '1990-07-12 09:34:00', NULL);
INSERT INTO `profiles` (`user_id`, `gender`, `birthday`, `photo_id`, `created_at`, `hometown`) VALUES ('73', 'f', '2014-02-23', '73', '2004-07-09 12:32:30', NULL);
INSERT INTO `profiles` (`user_id`, `gender`, `birthday`, `photo_id`, `created_at`, `hometown`) VALUES ('74', 'f', '1999-12-23', '74', '1977-12-12 03:55:57', NULL);
INSERT INTO `profiles` (`user_id`, `gender`, `birthday`, `photo_id`, `created_at`, `hometown`) VALUES ('75', 'f', '2010-05-13', '75', '2003-09-18 20:15:27', NULL);
INSERT INTO `profiles` (`user_id`, `gender`, `birthday`, `photo_id`, `created_at`, `hometown`) VALUES ('76', 'f', '1974-07-13', '76', '2014-09-23 18:26:53', NULL);
INSERT INTO `profiles` (`user_id`, `gender`, `birthday`, `photo_id`, `created_at`, `hometown`) VALUES ('77', 'f', '2021-06-08', '77', '2007-09-13 03:42:16', NULL);
INSERT INTO `profiles` (`user_id`, `gender`, `birthday`, `photo_id`, `created_at`, `hometown`) VALUES ('78', 'm', '1981-04-07', '78', '1991-03-10 11:14:37', NULL);
INSERT INTO `profiles` (`user_id`, `gender`, `birthday`, `photo_id`, `created_at`, `hometown`) VALUES ('79', 'm', '1971-02-13', '79', '2001-09-11 16:53:36', NULL);
INSERT INTO `profiles` (`user_id`, `gender`, `birthday`, `photo_id`, `created_at`, `hometown`) VALUES ('80', 'f', '2011-05-30', '80', '1997-03-18 18:37:35', NULL);
INSERT INTO `profiles` (`user_id`, `gender`, `birthday`, `photo_id`, `created_at`, `hometown`) VALUES ('81', 'f', '1997-04-08', '81', '2007-11-28 05:30:33', NULL);
INSERT INTO `profiles` (`user_id`, `gender`, `birthday`, `photo_id`, `created_at`, `hometown`) VALUES ('82', 'f', '2005-05-27', '82', '2005-08-02 05:35:40', NULL);
INSERT INTO `profiles` (`user_id`, `gender`, `birthday`, `photo_id`, `created_at`, `hometown`) VALUES ('83', 'f', '1998-11-25', '83', '1976-09-05 01:35:03', NULL);
INSERT INTO `profiles` (`user_id`, `gender`, `birthday`, `photo_id`, `created_at`, `hometown`) VALUES ('84', 'm', '2014-08-19', '84', '2005-07-09 16:20:20', NULL);
INSERT INTO `profiles` (`user_id`, `gender`, `birthday`, `photo_id`, `created_at`, `hometown`) VALUES ('85', 'm', '2005-10-20', '85', '1988-01-27 07:13:53', NULL);
INSERT INTO `profiles` (`user_id`, `gender`, `birthday`, `photo_id`, `created_at`, `hometown`) VALUES ('86', 'f', '2008-09-05', '86', '2011-11-21 12:05:20', NULL);
INSERT INTO `profiles` (`user_id`, `gender`, `birthday`, `photo_id`, `created_at`, `hometown`) VALUES ('87', 'f', '2007-03-19', '87', '1996-07-16 01:51:39', NULL);
INSERT INTO `profiles` (`user_id`, `gender`, `birthday`, `photo_id`, `created_at`, `hometown`) VALUES ('88', 'f', '1979-02-10', '88', '1990-01-23 00:36:19', NULL);
INSERT INTO `profiles` (`user_id`, `gender`, `birthday`, `photo_id`, `created_at`, `hometown`) VALUES ('89', 'm', '2002-09-08', '89', '1997-05-31 14:49:48', NULL);
INSERT INTO `profiles` (`user_id`, `gender`, `birthday`, `photo_id`, `created_at`, `hometown`) VALUES ('90', 'm', '2002-02-01', '90', '2004-11-10 22:50:03', NULL);
INSERT INTO `profiles` (`user_id`, `gender`, `birthday`, `photo_id`, `created_at`, `hometown`) VALUES ('91', 'm', '2021-09-05', '91', '1977-07-22 08:13:20', NULL);
INSERT INTO `profiles` (`user_id`, `gender`, `birthday`, `photo_id`, `created_at`, `hometown`) VALUES ('92', 'm', '2014-10-20', '92', '1995-08-26 16:57:14', NULL);
INSERT INTO `profiles` (`user_id`, `gender`, `birthday`, `photo_id`, `created_at`, `hometown`) VALUES ('93', 'f', '1989-01-15', '93', '2019-03-22 03:59:17', NULL);
INSERT INTO `profiles` (`user_id`, `gender`, `birthday`, `photo_id`, `created_at`, `hometown`) VALUES ('94', 'f', '1985-09-05', '94', '1984-11-19 20:43:21', NULL);
INSERT INTO `profiles` (`user_id`, `gender`, `birthday`, `photo_id`, `created_at`, `hometown`) VALUES ('95', 'm', '2011-11-12', '95', '2021-03-21 12:16:53', NULL);
INSERT INTO `profiles` (`user_id`, `gender`, `birthday`, `photo_id`, `created_at`, `hometown`) VALUES ('96', 'f', '1986-06-29', '96', '2022-09-28 09:56:29', NULL);
INSERT INTO `profiles` (`user_id`, `gender`, `birthday`, `photo_id`, `created_at`, `hometown`) VALUES ('97', 'm', '2008-02-27', '97', '1986-04-25 12:49:57', NULL);
INSERT INTO `profiles` (`user_id`, `gender`, `birthday`, `photo_id`, `created_at`, `hometown`) VALUES ('98', 'f', '1984-07-24', '98', '1987-01-10 02:19:08', NULL);
INSERT INTO `profiles` (`user_id`, `gender`, `birthday`, `photo_id`, `created_at`, `hometown`) VALUES ('99', 'f', '2005-01-22', '99', '1977-06-21 23:39:02', NULL);
INSERT INTO `profiles` (`user_id`, `gender`, `birthday`, `photo_id`, `created_at`, `hometown`) VALUES ('100', 'm', '1982-03-06', '100', '1982-11-12 09:50:30', NULL);


#
# TABLE STRUCTURE FOR: users
#

DROP TABLE IF EXISTS `users`;

CREATE TABLE `users` (
  `id` bigint(20) unsigned NOT NULL AUTO_INCREMENT,
  `firstname` varchar(100) COLLATE utf8mb4_unicode_ci DEFAULT NULL,
  `lastname` varchar(100) COLLATE utf8mb4_unicode_ci DEFAULT NULL COMMENT '',
  `email` varchar(100) COLLATE utf8mb4_unicode_ci DEFAULT NULL,
  `password_hash` varchar(100) COLLATE utf8mb4_unicode_ci DEFAULT NULL,
  `phone` bigint(20) DEFAULT NULL,
  `is_deleted` bit(1) DEFAULT b'0',
  PRIMARY KEY (`id`),
  UNIQUE KEY `email` (`email`),
  KEY `users_firstname_lastname_idx` (`firstname`,`lastname`)
) ENGINE=InnoDB AUTO_INCREMENT=101 DEFAULT CHARSET=utf8mb4 COLLATE=utf8mb4_unicode_ci;

INSERT INTO `users` (`id`, `firstname`, `lastname`, `email`, `password_hash`, `phone`, `is_deleted`) VALUES ('1', '', '', '.@example.net', '27375c4068e9c928bb06bf5ac098e9163317563e', '42131311178', '0');
INSERT INTO `users` (`id`, `firstname`, `lastname`, `email`, `password_hash`, `phone`, `is_deleted`) VALUES ('2', '', '', '76@example.net', 'f8da9d45218a9ae8eed5b41ef24b4bde4367c038', '75041724661', '0');
INSERT INTO `users` (`id`, `firstname`, `lastname`, `email`, `password_hash`, `phone`, `is_deleted`) VALUES ('3', '', '', 'g@example.org', 'c1cae09314cab709c523117b0088a8c4b000193a', '16719810775', '0');
INSERT INTO `users` (`id`, `firstname`, `lastname`, `email`, `password_hash`, `phone`, `is_deleted`) VALUES ('4', '', '', '.@example.com', '053cc6388b2792e51bf64be1958570b1eca9c917', '3555004576', '0');
INSERT INTO `users` (`id`, `firstname`, `lastname`, `email`, `password_hash`, `phone`, `is_deleted`) VALUES ('5', '', '', '.@example.net', '9bb9b8f2399d8cc7f1d2c840a689a33d6a256242', '58006492428', '0');
INSERT INTO `users` (`id`, `firstname`, `lastname`, `email`, `password_hash`, `phone`, `is_deleted`) VALUES ('6', '', '', 'e@example.com', '196cf0669246f0d65233165ed1507d204edee272', '56199563589', '1');
INSERT INTO `users` (`id`, `firstname`, `lastname`, `email`, `password_hash`, `phone`, `is_deleted`) VALUES ('7', '', '', '.@example.org', '543806bd932a95c4bcd9453caac62c0525a3471a', '49545266578', '0');
INSERT INTO `users` (`id`, `firstname`, `lastname`, `email`, `password_hash`, `phone`, `is_deleted`) VALUES ('8', '', '', 'z@example.com', 'eaab839a26b138e5fc8d6b940af7b27197e16c06', '56554845276', '1');
INSERT INTO `users` (`id`, `firstname`, `lastname`, `email`, `password_hash`, `phone`, `is_deleted`) VALUES ('9', '', '', '/40@example.org', 'f23b81b1bfa253d4399c5d5768efa611c8907708', '31005416690', '0');
INSERT INTO `users` (`id`, `firstname`, `lastname`, `email`, `password_hash`, `phone`, `is_deleted`) VALUES ('10', '', '', '11@example.org', '332480b14ad2394cf57cceb45419fdb2b6402800', '62975984270', '1');
INSERT INTO `users` (`id`, `firstname`, `lastname`, `email`, `password_hash`, `phone`, `is_deleted`) VALUES ('11', '', '', '.@example.com', '8ce2c31597544a11ff750783be10548e22fddc0d', '66384475875', '0');
INSERT INTO `users` (`id`, `firstname`, `lastname`, `email`, `password_hash`, `phone`, `is_deleted`) VALUES ('12', '', '', '.@example.com', '89e57883bbfa208ee78ede0a7b72cc13d3b7ac01', '20691582783', '0');
INSERT INTO `users` (`id`, `firstname`, `lastname`, `email`, `password_hash`, `phone`, `is_deleted`) VALUES ('13', '', '', '27@example.net', '2c8dd8b81b5aad476d831f000f323c2ecf362819', '62978455704', '0');
INSERT INTO `users` (`id`, `firstname`, `lastname`, `email`, `password_hash`, `phone`, `is_deleted`) VALUES ('14', '', '', '.@example.net', '4e11e26e0c22f18ea5df0c440e124a1e01c3a117', '64030924475', '0');
INSERT INTO `users` (`id`, `firstname`, `lastname`, `email`, `password_hash`, `phone`, `is_deleted`) VALUES ('15', '', '', '75@example.com', 'fb1f951b152ea44b8349e7bc24381973b507b5cd', '76022144146', '0');
INSERT INTO `users` (`id`, `firstname`, `lastname`, `email`, `password_hash`, `phone`, `is_deleted`) VALUES ('16', '', '', 'p@example.org', '5fa2af39b0a1e2fc5032834ce84e6d2dbaa34fac', '75806036812', '0');
INSERT INTO `users` (`id`, `firstname`, `lastname`, `email`, `password_hash`, `phone`, `is_deleted`) VALUES ('17', '', '', '.@example.org', 'e5d685ca408991726bdae9d0c6f6b5f5e91aa77f', '15439896439', '1');
INSERT INTO `users` (`id`, `firstname`, `lastname`, `email`, `password_hash`, `phone`, `is_deleted`) VALUES ('18', '', '', '90@example.org', '73d5c6b9db20b3f2c6d8e757e237a508095f62b2', '10716549581', '1');
INSERT INTO `users` (`id`, `firstname`, `lastname`, `email`, `password_hash`, `phone`, `is_deleted`) VALUES ('19', '', '', '.@example.net', '258fc5f096acef25f1d4431af7893a9f0091dcb9', '29257599905', '0');
INSERT INTO `users` (`id`, `firstname`, `lastname`, `email`, `password_hash`, `phone`, `is_deleted`) VALUES ('20', '', '', '.@example.org', '97b1f501d1a0482d09cd57e73874dd6317e6d044', '23489597633', '0');
INSERT INTO `users` (`id`, `firstname`, `lastname`, `email`, `password_hash`, `phone`, `is_deleted`) VALUES ('21', '', '', '.@example.org', 'ae6d88a05136dbe93ec864cc68f8bc07b30157f5', '11626851106', '1');
INSERT INTO `users` (`id`, `firstname`, `lastname`, `email`, `password_hash`, `phone`, `is_deleted`) VALUES ('22', '', '', 'x@example.com', '8d40d13f7ad6abc70116864c826b3e3b5715ba0e', '66360504564', '0');
INSERT INTO `users` (`id`, `firstname`, `lastname`, `email`, `password_hash`, `phone`, `is_deleted`) VALUES ('23', '', '', 'p@example.org', '74abd186d9555e6499d1a8adf11209a8427684e7', '76305581932', '0');
INSERT INTO `users` (`id`, `firstname`, `lastname`, `email`, `password_hash`, `phone`, `is_deleted`) VALUES ('24', '', '', '.@example.com', '712afe113e6c8920caf404e3c1f80eed7e882692', '2041409761', '1');
INSERT INTO `users` (`id`, `firstname`, `lastname`, `email`, `password_hash`, `phone`, `is_deleted`) VALUES ('25', '', '', '.@example.org', '30d64f6b9502dd7bb90cdfe1b963648464e2f135', '75266776580', '0');
INSERT INTO `users` (`id`, `firstname`, `lastname`, `email`, `password_hash`, `phone`, `is_deleted`) VALUES ('26', '', '', '.@example.com', '50103ef93233ede99f9dd50f020535ebf0afd0cf', '61598455317', '0');
INSERT INTO `users` (`id`, `firstname`, `lastname`, `email`, `password_hash`, `phone`, `is_deleted`) VALUES ('27', '', '', '.@example.com', '469cb2eca6c4c19bfe1d13054d5937135bd3166d', '16650572197', '0');
INSERT INTO `users` (`id`, `firstname`, `lastname`, `email`, `password_hash`, `phone`, `is_deleted`) VALUES ('28', '', '', '.@example.com', '5e60befd7c50484d7c623acf0a86dc50f5d3b989', '10285052200', '0');
INSERT INTO `users` (`id`, `firstname`, `lastname`, `email`, `password_hash`, `phone`, `is_deleted`) VALUES ('29', '', '', '.@example.net', '0c0bf59e02e69fa32911ccc1555103ed67896cce', '14298534588', '0');
INSERT INTO `users` (`id`, `firstname`, `lastname`, `email`, `password_hash`, `phone`, `is_deleted`) VALUES ('30', '', '', '.@example.net', '071566b1107c1d0267af9c890819e943fb05901d', '29200240383', '1');
INSERT INTO `users` (`id`, `firstname`, `lastname`, `email`, `password_hash`, `phone`, `is_deleted`) VALUES ('31', '', '', '.@example.com', 'a917420192c686dbef945cd69c45707c34205952', '44905736668', '0');
INSERT INTO `users` (`id`, `firstname`, `lastname`, `email`, `password_hash`, `phone`, `is_deleted`) VALUES ('32', '', '', 'm@example.org', '0c8864996a1ad778b1ee1fa0c12f10a6e1a5c75b', '87822094850', '1');
INSERT INTO `users` (`id`, `firstname`, `lastname`, `email`, `password_hash`, `phone`, `is_deleted`) VALUES ('33', '', '', '.@example.com', '8d8a026faab7567a0cdf2eda083ddfca418a662a', '29269634659', '0');
INSERT INTO `users` (`id`, `firstname`, `lastname`, `email`, `password_hash`, `phone`, `is_deleted`) VALUES ('34', '', '', '.@example.net', '58f61d4890b7fde4d97d608766373d82c3ac20d5', '56012799113', '1');
INSERT INTO `users` (`id`, `firstname`, `lastname`, `email`, `password_hash`, `phone`, `is_deleted`) VALUES ('35', '', '', 'g@example.net', '017091b23e69e9086dc9c790633565bf9f1ac335', '13089180', '1');
INSERT INTO `users` (`id`, `firstname`, `lastname`, `email`, `password_hash`, `phone`, `is_deleted`) VALUES ('36', '', '', '66@example.com', '613d74c4acb500037997880999ce5effdb6ef8b7', '19550221759', '0');
INSERT INTO `users` (`id`, `firstname`, `lastname`, `email`, `password_hash`, `phone`, `is_deleted`) VALUES ('37', '', '', '.@example.net', 'bf3808380b17b74ac1159851def7ada8fbe166e2', '65586527301', '0');
INSERT INTO `users` (`id`, `firstname`, `lastname`, `email`, `password_hash`, `phone`, `is_deleted`) VALUES ('38', '', '', 'l@example.net', '1d557c5392615d79957c00dcf346a16276e8e517', '81549347917', '1');
INSERT INTO `users` (`id`, `firstname`, `lastname`, `email`, `password_hash`, `phone`, `is_deleted`) VALUES ('39', '', '', 'j@example.org', '69be68f9e7d369beda81e25d7ed2626e44908b11', '25072960271', '0');
INSERT INTO `users` (`id`, `firstname`, `lastname`, `email`, `password_hash`, `phone`, `is_deleted`) VALUES ('40', '', '', '.@example.net', '26a524513582ecc9fdef73034ec3c70f6958b16d', '58805497674', '0');
INSERT INTO `users` (`id`, `firstname`, `lastname`, `email`, `password_hash`, `phone`, `is_deleted`) VALUES ('41', '', '', '.@example.com', '763338c6ab55b516e40e4f6b6662be22d38b71e3', '1232381547', '1');
INSERT INTO `users` (`id`, `firstname`, `lastname`, `email`, `password_hash`, `phone`, `is_deleted`) VALUES ('42', '', '', 'k@example.net', 'd5d925986632396dc6a18d6d039f753ee1468437', '40167025723', '1');
INSERT INTO `users` (`id`, `firstname`, `lastname`, `email`, `password_hash`, `phone`, `is_deleted`) VALUES ('43', '', '', '.@example.net', '5dfbdf043dc83069a1da0f4932ed8ab8b8f59c36', '40760421492', '0');
INSERT INTO `users` (`id`, `firstname`, `lastname`, `email`, `password_hash`, `phone`, `is_deleted`) VALUES ('44', '', '', '52@example.net', '312de95a1a20024352fbded14421c9ea7c7dc117', '10212687322', '0');
INSERT INTO `users` (`id`, `firstname`, `lastname`, `email`, `password_hash`, `phone`, `is_deleted`) VALUES ('45', '', '', '.@example.org', '71923bd1655189da5d1d8fd83dfa9b280149ae88', '13701480738', '1');
INSERT INTO `users` (`id`, `firstname`, `lastname`, `email`, `password_hash`, `phone`, `is_deleted`) VALUES ('46', '', '', '.@example.org', 'bc72fa3b0e5a0c08c2a5ff2524e99059695bbaeb', '6010926237', '0');
INSERT INTO `users` (`id`, `firstname`, `lastname`, `email`, `password_hash`, `phone`, `is_deleted`) VALUES ('47', '', '', '02@example.org', 'b3b3acdab1fa25bd53e106a4aa52132844a1f652', '29087330787', '1');
INSERT INTO `users` (`id`, `firstname`, `lastname`, `email`, `password_hash`, `phone`, `is_deleted`) VALUES ('48', '', '', '54@example.com', 'bf74fb029bc6b344e03a4da5ffa0000c493ab5b2', '14678515700', '0');
INSERT INTO `users` (`id`, `firstname`, `lastname`, `email`, `password_hash`, `phone`, `is_deleted`) VALUES ('49', '', '', '.@example.com', 'f6b043f8b9ae940da50e8efe8564b35adc61ee07', '24113153385', '1');
INSERT INTO `users` (`id`, `firstname`, `lastname`, `email`, `password_hash`, `phone`, `is_deleted`) VALUES ('50', '', '', '57@example.org', 'f545bb2915197af0cbffe742f479cfe27df9297d', '28579070672', '1');
INSERT INTO `users` (`id`, `firstname`, `lastname`, `email`, `password_hash`, `phone`, `is_deleted`) VALUES ('51', '', '', '89@example.org', '085f0520088a02e684c0911602a22c4e6ac5001c', '50438514119', '0');
INSERT INTO `users` (`id`, `firstname`, `lastname`, `email`, `password_hash`, `phone`, `is_deleted`) VALUES ('52', '', '', '.@example.org', 'd3e00bf81673ae4efd79ed3f799d11d37c60a6c7', '37367475623', '1');
INSERT INTO `users` (`id`, `firstname`, `lastname`, `email`, `password_hash`, `phone`, `is_deleted`) VALUES ('53', '', '', 'c@example.net', '040e286e61e99c8c1e234a058d73471d5d095410', '40795834151', '0');
INSERT INTO `users` (`id`, `firstname`, `lastname`, `email`, `password_hash`, `phone`, `is_deleted`) VALUES ('54', '', '', '.@example.net', '3179c9291174660d18170215a31375cde0641d71', '2256729529', '0');
INSERT INTO `users` (`id`, `firstname`, `lastname`, `email`, `password_hash`, `phone`, `is_deleted`) VALUES ('55', '', '', 't@example.net', '3162bbdc4e99fe1dd6446bca5d3d511cac72e48f', '13702391368', '0');
INSERT INTO `users` (`id`, `firstname`, `lastname`, `email`, `password_hash`, `phone`, `is_deleted`) VALUES ('56', '', '', '37@example.net', '8a97d0690980321c5222a41ca8a38111fb834cc7', '37839064625', '1');
INSERT INTO `users` (`id`, `firstname`, `lastname`, `email`, `password_hash`, `phone`, `is_deleted`) VALUES ('57', '', '', '.@example.net', '1b161bb5b76795db5dadab37df88afea1390c4e3', '33375567830', '0');
INSERT INTO `users` (`id`, `firstname`, `lastname`, `email`, `password_hash`, `phone`, `is_deleted`) VALUES ('58', '', '', '32@example.org', '01f627363bb3efef0670780ca8fe7478a9ffbf1b', '39504567774', '1');
INSERT INTO `users` (`id`, `firstname`, `lastname`, `email`, `password_hash`, `phone`, `is_deleted`) VALUES ('59', '', '', 'j@example.com', 'b3e39e33ee99dcfb6f33f5b65f48f5890307cc78', '84204738733', '1');
INSERT INTO `users` (`id`, `firstname`, `lastname`, `email`, `password_hash`, `phone`, `is_deleted`) VALUES ('60', '', '', '13@example.org', 'c5546545a25dd0276383c45c05f8d3944ff6f02f', '41378386029', '0');
INSERT INTO `users` (`id`, `firstname`, `lastname`, `email`, `password_hash`, `phone`, `is_deleted`) VALUES ('61', '', '', '83@example.net', '0853d062a60b4fdfd99223fc4fc7a18a9221b99c', '84279752911', '0');
INSERT INTO `users` (`id`, `firstname`, `lastname`, `email`, `password_hash`, `phone`, `is_deleted`) VALUES ('62', '', '', '.@example.org', '6a5644404918c888b98b9e6ca295815c179038b2', '23083635003', '0');
INSERT INTO `users` (`id`, `firstname`, `lastname`, `email`, `password_hash`, `phone`, `is_deleted`) VALUES ('63', '', '', 'd@example.net', 'fced093b2b5e692ced67f1ae905b78e743d51ff2', '38767406931', '0');
INSERT INTO `users` (`id`, `firstname`, `lastname`, `email`, `password_hash`, `phone`, `is_deleted`) VALUES ('64', '', '', 'f@example.org', 'e7dbc01a350c715ca9cfb31baab381e253205f5d', '62983122011', '0');
INSERT INTO `users` (`id`, `firstname`, `lastname`, `email`, `password_hash`, `phone`, `is_deleted`) VALUES ('65', '', '', '.@example.org', '2b830fd65e60e4d8306e2b7244fc53012e2da69d', '56428476944', '1');
INSERT INTO `users` (`id`, `firstname`, `lastname`, `email`, `password_hash`, `phone`, `is_deleted`) VALUES ('66', '', '', 'e@example.net', 'f68ce18af2738d5bf00ae3c0dcaa787a8f83d368', '38960881055', '1');
INSERT INTO `users` (`id`, `firstname`, `lastname`, `email`, `password_hash`, `phone`, `is_deleted`) VALUES ('67', '', '', '.@example.org', 'b59a334a7902ed35b091a1cca9513c8885654e11', '33699414357', '0');
INSERT INTO `users` (`id`, `firstname`, `lastname`, `email`, `password_hash`, `phone`, `is_deleted`) VALUES ('68', '', '', 'a@example.com', 'ffb8a7eb6e2f5e0149e1215c883f7c343a782abf', '86930522812', '1');
INSERT INTO `users` (`id`, `firstname`, `lastname`, `email`, `password_hash`, `phone`, `is_deleted`) VALUES ('69', '', '', '.@example.net', 'da997b37631cb405b32bba65aaa5f16e4ec3f219', '23887193586', '1');
INSERT INTO `users` (`id`, `firstname`, `lastname`, `email`, `password_hash`, `phone`, `is_deleted`) VALUES ('70', '', '', 'x@example.net', '2f015438d95ab7553b475cb2ad435ba4b14dba3b', '24964463261', '1');
INSERT INTO `users` (`id`, `firstname`, `lastname`, `email`, `password_hash`, `phone`, `is_deleted`) VALUES ('71', '', '', '.@example.net', '8ebd1f1c2bfe10db566995a0cd070e330fc64375', '24275414455', '0');
INSERT INTO `users` (`id`, `firstname`, `lastname`, `email`, `password_hash`, `phone`, `is_deleted`) VALUES ('72', '', '', '09@example.net', 'd0aa0a2c508f6568add5dc02d38177bbc65731ac', '2894972906', '1');
INSERT INTO `users` (`id`, `firstname`, `lastname`, `email`, `password_hash`, `phone`, `is_deleted`) VALUES ('73', '', '', '.@example.com', '84996979df65b925cf828c3bbb1eff37fa087906', '11201248711', '0');
INSERT INTO `users` (`id`, `firstname`, `lastname`, `email`, `password_hash`, `phone`, `is_deleted`) VALUES ('74', '', '', '.@example.com', '3c5f9eb48aa6754672efa6e0b352afcdd8fed5cf', '3841500154', '0');
INSERT INTO `users` (`id`, `firstname`, `lastname`, `email`, `password_hash`, `phone`, `is_deleted`) VALUES ('75', '', '', '.@example.org', '6d0317dacd096657eabf153e6d34f45dfe5dee9d', '15649077646', '0');
INSERT INTO `users` (`id`, `firstname`, `lastname`, `email`, `password_hash`, `phone`, `is_deleted`) VALUES ('76', '', '', '.@example.net', '5b3098256605d116035dceb494b2a6359bbd7ec6', '69366504300', '1');
INSERT INTO `users` (`id`, `firstname`, `lastname`, `email`, `password_hash`, `phone`, `is_deleted`) VALUES ('77', '', '', '.@example.org', 'b2c5c3b74546fa0c45b57f6f91b7ee1341b19c71', '35946960761', '1');
INSERT INTO `users` (`id`, `firstname`, `lastname`, `email`, `password_hash`, `phone`, `is_deleted`) VALUES ('78', '', '', 'f@example.com', '569f379867c28e46f9e99cc37c7e2bf240e340e6', '34867289006', '1');
INSERT INTO `users` (`id`, `firstname`, `lastname`, `email`, `password_hash`, `phone`, `is_deleted`) VALUES ('79', '', '', '33@example.com', 'f8152fd253cf47264032d08f0fef6d6dd2f6a991', '51399293432', '0');
INSERT INTO `users` (`id`, `firstname`, `lastname`, `email`, `password_hash`, `phone`, `is_deleted`) VALUES ('80', '', '', '.@example.com', '147d6cfbf1c52b23bae268c54ad0c01ba00c791f', '63283530248', '0');
INSERT INTO `users` (`id`, `firstname`, `lastname`, `email`, `password_hash`, `phone`, `is_deleted`) VALUES ('81', '', '', '.@example.com', '302a88087eee93c92f0041d38423dd927f328035', '5400900689', '0');
INSERT INTO `users` (`id`, `firstname`, `lastname`, `email`, `password_hash`, `phone`, `is_deleted`) VALUES ('82', '', '', '75@example.net', '1f7724f3ad1d9226871ef0026c41505428ac5cac', '52431305421', '1');
INSERT INTO `users` (`id`, `firstname`, `lastname`, `email`, `password_hash`, `phone`, `is_deleted`) VALUES ('83', '', '', 'u@example.com', 'c897d51ba2ac4f010cdd0e046de93a63cb6b599e', '35194736196', '1');
INSERT INTO `users` (`id`, `firstname`, `lastname`, `email`, `password_hash`, `phone`, `is_deleted`) VALUES ('84', '', '', '.@example.net', '7e5cd0bede75915e4c4106c67d2a8ffcf64ad71f', '88666765387', '1');
INSERT INTO `users` (`id`, `firstname`, `lastname`, `email`, `password_hash`, `phone`, `is_deleted`) VALUES ('85', '', '', '.@example.org', '3931f0d30d85f662cb963f4d979f131cab1c95b5', '47287479265', '0');
INSERT INTO `users` (`id`, `firstname`, `lastname`, `email`, `password_hash`, `phone`, `is_deleted`) VALUES ('86', '', '', '.@example.org', '2d4d19a724d148f5bc6b298e4cfdf38d447d21cd', '69773438172', '1');
INSERT INTO `users` (`id`, `firstname`, `lastname`, `email`, `password_hash`, `phone`, `is_deleted`) VALUES ('87', '', '', '02@example.com', '20815a30a8ccd72547cd260d6b82d83089799778', '21329994735', '1');
INSERT INTO `users` (`id`, `firstname`, `lastname`, `email`, `password_hash`, `phone`, `is_deleted`) VALUES ('88', '', '', '10@example.org', 'de4b9d9b7472c28820f9dd277e8932f9df98d567', '74760556656', '0');
INSERT INTO `users` (`id`, `firstname`, `lastname`, `email`, `password_hash`, `phone`, `is_deleted`) VALUES ('89', '', '', '22@example.com', '8728c0760d2eb3b64ad759e944a87faee481e0bb', '9726713155', '1');
INSERT INTO `users` (`id`, `firstname`, `lastname`, `email`, `password_hash`, `phone`, `is_deleted`) VALUES ('90', '', '', '.@example.com', 'e894bd2ac8d56ddc178a8db174276c676dfc5166', '63358873730', '0');
INSERT INTO `users` (`id`, `firstname`, `lastname`, `email`, `password_hash`, `phone`, `is_deleted`) VALUES ('91', '', '', '20@example.com', '889b7e2c947e48174ca9056802326b48f68524df', '33406458077', '0');
INSERT INTO `users` (`id`, `firstname`, `lastname`, `email`, `password_hash`, `phone`, `is_deleted`) VALUES ('92', '', '', '.@example.org', '22e6deb415a1ba6596c8ab2c5708a29f8bd563d8', '67344305886', '0');
INSERT INTO `users` (`id`, `firstname`, `lastname`, `email`, `password_hash`, `phone`, `is_deleted`) VALUES ('93', '', '', '.@example.com', '287ce1fe4ab4e4993de92bd7cda65bdb01746cbf', '63730029707', '1');
INSERT INTO `users` (`id`, `firstname`, `lastname`, `email`, `password_hash`, `phone`, `is_deleted`) VALUES ('94', '', '', '.@example.com', '17614081deb5197cd103e210a9288b42030393de', '72693702711', '1');
INSERT INTO `users` (`id`, `firstname`, `lastname`, `email`, `password_hash`, `phone`, `is_deleted`) VALUES ('95', '', '', '.@example.com', '150da603d2d2f1d1a818c4fb33fb8c9a1ae74646', '62186377617', '1');
INSERT INTO `users` (`id`, `firstname`, `lastname`, `email`, `password_hash`, `phone`, `is_deleted`) VALUES ('96', '', '', 'l@example.net', '412032854010f64291275fb78acd12859737e39e', '24601882723', '0');
INSERT INTO `users` (`id`, `firstname`, `lastname`, `email`, `password_hash`, `phone`, `is_deleted`) VALUES ('97', '', '', '.@example.org', 'a3b9d3b4d203a758b0acedfd3dc9aad1439cad28', '68936519484', '0');
INSERT INTO `users` (`id`, `firstname`, `lastname`, `email`, `password_hash`, `phone`, `is_deleted`) VALUES ('98', '', '', '.@example.org', '86b31a0134ba89d6dc2d482d3dfd99367441b52d', '50977274479', '1');
INSERT INTO `users` (`id`, `firstname`, `lastname`, `email`, `password_hash`, `phone`, `is_deleted`) VALUES ('99', '', '', '17@example.com', '051cfb63d5bbc388d250b6f4d7749feb2a305cb1', '69586823446', '0');
INSERT INTO `users` (`id`, `firstname`, `lastname`, `email`, `password_hash`, `phone`, `is_deleted`) VALUES ('100', '', '', '.@example.org', 'f88303e1fffb89119389a37965b4de4f772a5f7a', '25648787219', '1');


